0.jpg,BO6OBBI,1125,MMitsubishi,RUSI,,,,,
1001.jpg,B911ton152,,,,,,,,
10010.jpg,Pc555AE70,,,,,,,,
10032.jpg,MOOZBB,,,,,,,,
10045.bmp,892AC,35,,,,,,,
10047.jpg,Cc94,7402,iK,,,,,,
10050.jpg,"Ex5324E,128",,,,,,,,
10057.bmp,[c2490,CHES,,,,,,,
10063.jpg,B5SSBC 1737.,RUS,,,,,,,
1008.bmp,[BO6OEPIS],,,,,,,,
10085.jpg,909PP ,36,P,,,,,,
10095.jpg,FAO^5ET,63.,RUS,,,,,,
10098.jpg,c849,OK,66,RUS,,,,,
10108.jpg,A479OKI,1178,3ust,BuS,,,,,
10114.bmp,,,,,,,,,
10132.bmp,6Y5534,,,,,,,,
10141.jpg,H2ZLMP,90,RUS,,,,,,
10150.jpg,044GTK],98.,IPus,,,,,,
10153.bmp,VeckklarEy,,,,,,,,
10155.jpg,(886HX,54,,,,,,,
10156.jpg,H516HE 7,,,,,,,,
10157.bmp,'E2270P/72:,,,,,,,,
10167.jpg,X864ykl?z,RIUS,,,,,,,
10190.jpg,Ko59c,Cop9:,RS,,,,,,
10193.jpg,K0 1OExie,0402,,,,,,,
10196.jpg,E90xh 9,,,,,,,,
10217.bmp,,,,,,,,,
10222.jpg,Y193/144192,,,,,,,,
10233.jpg,HIllyu99,,,,,,,,
10238.jpg,T777TMZZ,,,,,,,,
10249.jpg,K8180H/46,,,,,,,,
10254.jpg,E274cx00,,,,,,,,
10261.jpg,'P631X1,134.,,,,,,,
1027.bmp,Y8O8EA,35,,,,,,,
10292.jpg,A789AA 71,,,,,,,,
10296.jpg,(s190,,,,,,,,
10298.jpg,Rolpuc 72,,,,,,,,
10306.jpg,XLOZAEI,@,,,,,,,
10307.jpg,'MZZEKM4,RUSE,,,,,,,
10319.bmp,B778E855,,,,,,,,
10321.jpg,331HX769,,,,,,,,
10327.jpg,XZOOMB,64,,,,,,,
10328.jpg,488AA,99,A,RUSI,,,,,
10338.jpg,"F12k4""",42,,,,,,,
10383.jpg,(3TIEB ,[85,,,,,,,
10410.jpg,233321,7,,,,,,,
10413.jpg,IK521A122,,,,,,,,
10417.jpg,105ok],63,0,,,,,,
10429.jpg,Y708Tyi54;,,,,,,,,
10438.jpg,MSSBBM116,,,,,,,,
10454.bmp,Jailes,,,,,,,,
10460.jpg,L,,,,,,,,
10479.jpg,ZOmxi,064,(,,,,,,
10490.bmp,WepT,.,,,,,,,
10496.bmp,B727E235,~S,,,,,,,
1050.jpg,,,,,,,,,
10502.bmp,BIbX,3,,,,,,,
10518.jpg,Gicc y,,,,,,,,
10520.jpg,5810462,P,,,,,,,
1053.jpg,E9540413,,,,,,,,
10540.jpg,Roszy4n,,,,,,,,
10557.bmp,04244y 15,,,,,,,,
10559.jpg,[B362E085,,,,,,,,
10571.jpg,P953xT 96,,,,,,,,
10583.bmp,FAh8785,,,,,,,,
10589.jpg,H360EE,B5,RUSE,,,,,,
10597.jpg,448HKl19Z,RUS,,,,,,,
1060.bmp,,,,,,,,,
10603.jpg,4034Q 70:,,,,,,,,
10614.jpg,B 499YA1G2,,,,,,,,
10616.jpg,'M039E8773,,,,,,,,
10620.jpg,TTR,1654,,,,,,,
10629.jpg,H676kb],102,RUSE,,,,,,
10631.jpg,KkU,7,,,,,,,
10635.bmp,AB Zs2 Kxug,,,,,,,,
10637.jpg,'E1OOBP/25,RUSI,,,,,,,
10638.jpg,B799TI,RUS,,,,,,,
10671.jpg,K051co2g],,,,,,,,
10684.jpg,R462ETE,4,,,,,,,
10727.jpg,087900,59,Je :,,,,,,
10735.bmp,222MK,,,,,,,,
10748.jpg,C657PB5S,,,,,,,,
10757.jpg,LY6OOEK/125,RUSI,,,,,,,
10767.jpg,'A287tx178,Rus,,,,,,,
10769.jpg,M457BY,46,RUS,,,,,,
10775.jpg,8487PH19,,,,,,,,
10800.bmp,,,,,,,,,
10803.jpg,020MO,35.,B,RuSE,,,,,
10807.jpg,444XMEG,C,,,,,,,
10819.jpg,T341cYl,27,,,,,,,
1083.jpg,J,,,,,,,,
10831.jpg,Y285yy,72,RUSI,,,,,,
10834.bmp,'B281oK],15,,,,,,,
10837.jpg,4505E%,0,,,,,,,
1085.jpg,X236EM,5441,RUS,,,,,,
10863.jpg,HGSOKI,N,,,,,,,
1087.bmp,3 486EP,35,,,,,,,
10871.jpg,,,,,,,,,
10884.jpg,'4888@B,99,BENTLEY,Mockba,RUSI,04d,,,
10885.jpg,E48SKAN74,,,,,,,,
10895.jpg,A019rol,69,KuS,,,,,,
1090.jpg,P6O2KPh9Z,RUSE,,,,,,,
10901.jpg,P704cP13z,,,,,,,,
10902.jpg,B 10 1xEl53,,,,,,,,
10913.jpg,K649AK[9,,,,,,,,
10929.jpg,'0888Ak96,,,,,,,,
10946.jpg,980e6,,,,,,,,
10947.jpg,BO 54,0 10,,,,,,,
10949.jpg,'H3252,0,yy,,,,,,
10959.jpg,'0993KTI,96,RUS,Abtomobl,,,,,
10972.jpg,TOO1cH,33,IRUs,,,,,,
10975.jpg,H192EE,T1,ClvIsuLOP,RUSI,Ipn,,,,
10978.jpg,y 180BME4,RUs,,,,,,,
1100.jpg,Se,,,,,,,,
11003.bmp,c336co 35_,,,,,,,,
11007.jpg,"[M735kck197,",,,,,,,,
11012.jpg,"""c853at]T74",,,,,,,,
11014.bmp,"""8128FC",,,,,,,,
11027.jpg,799TTF,'B,,,,,,,
11033.bmp,[8084yt 55],,,,,,,,
11050.jpg,O5Omc 43,,,,,,,,
1106.jpg,934Ev14,B,,,,,,,
11060.bmp,e1po 3,,,,,,,,
11062.jpg,E854B< 125,,,,,,,,
11064.jpg,A688E052,,,,,,,,
1109.bmp,J5321185,,,,,,,,
11090.bmp,"[30zev!,",,,,,,,,
11102.jpg,ub,,,,,,,,
11117.bmp,babbla ,3,,,,,,,
11119.jpg,747,844,T61,e,,,,,
11123.jpg,,,,,,,,,
11160.jpg,A723ABJ197,RUSI,,,,,,,
11162.bmp,329110',,,,,,,,
11174.jpg,K774Pc2,,,,,,,,
11188.jpg,Slluo,193,,,,,,,
11201.jpg,X529MHIG;,,,,,,,,
11204.jpg,H7Z5XBl,29,,,,,,,
11233.jpg,484KP,27,A,RUS,,,,,
11261.jpg,[xE561â‚¬ c,,,,,,,,
11271.bmp,16100P,,,,,,,,
11273.jpg,40Zo0,17z.,P,Rus,,,,,
1128.bmp,'106 EPI6Z,,,,,,,,
11308.jpg,Y616cci64,,,,,,,,
1131.jpg,44SOMI,[69,RUsL,C,,,,,
11316.jpg,240KIIL;,P,,,,,,,
1132.jpg,Kotiky,96,RUSI,,,,,,
11327.jpg,IT3tt,64,,,,,,,
11330.jpg,CHZIZeB],44,,,,,,,
11348.jpg,c593Km^,"125,",,,,,,,
11367.jpg,426PA,998,X,,,,,,
11376.bmp,J0H _,,,,,,,,
11397.jpg,M961PKL,116,RUSI,,,,,,
11412.jpg,Fergopcus],,,,,,,,
11418.bmp,,,,,,,,,
11430.jpg,KX24OXX,,,,,,,,
11439.jpg,FK 6398Kl29,,,,,,,,
11469.bmp,Io,,,,,,,,
11485.jpg,'0902o0 ,,,,,,,,
1149.jpg,EZ04XB/163,,,,,,,,
11499.jpg,POO1ckhe],,,,,,,,
11519.bmp,'H2SKPNS|,,,,,,,,
11526.jpg,ATTBHMI,,,,,,,,
1154.jpg,c777xc,97,RUS,,,,,,
11540.bmp,167313835,,,,,,,,
11568.bmp,8143Ac 35,,,,,,,,
11584.bmp,LSSQEKU,,,,,,,,
11585.jpg,Y844YEB4,,,,,,,,
11591.jpg,B318 YBL,64,RUSE,,,,,,
11601.bmp,@2Z1c,,,,,,,,
11626.jpg,MEEL,'K28 3,40,Rusi,,,,,
11627.jpg,X518TABZ,,,,,,,,
11633.jpg,X498XX 125],,,,,,,,
11652.bmp,AOO1AAlSL,,,,,,,,
11686.bmp,A11940717,RUSI,Roo,,,,,,
11691.jpg,LC600AKZ,,,,,,,,
11696.jpg,M029MTI19,,,,,,,,
1171.jpg,oT8ph0,,,,,,,,
11715.jpg,I173i,TI,64,,,,,,
1172.jpg,XOZSxxl,,,,,,,,
11737.jpg,K18KK 90,6,,,,,,,
11740.jpg,C8380098,,,,,,,,
11751.jpg,E285PA,97,RUSI,,,,,,
11770.jpg,"""H559KOF",7.1,PUS,,,,,,
11778.bmp,9ByY 5,,,,,,,,
11780.jpg,EO5OKERZ,,,,,,,,
11781.jpg,K257,Tk 199.,,,,,,,
11787.bmp,A531A,,,,,,,,
1179.jpg,M942MPI9O ,,,,,,,,
11794.bmp,98404-,8,,,,,,,
11796.jpg,M5oOe,Bx 97,RUS,,,,,,
11813.jpg,775kk 03,,,,,,,,
11819.jpg,M333yx],72,RUSE,,,,,,
11826.jpg,K621PA,56,,,,,,,
11848.jpg,F0668MIL,56,,,,,,,
11870.jpg,TS8EHI,125,RB,,,,,,
11872.jpg,'AO_Zmp 4,,,,,,,,
11873.bmp,,,,,,,,,
11905.bmp,743800,,,,,,,,
11913.jpg,673,Ak77,'B,,,,,,
11917.jpg,Y249cxiby,RUS,,,,,,,
11926.jpg,T624cc 16,RV,,,,,,,
11941.jpg,[M2240419,RUSE,,,,,,,
11946.jpg,"""KOOZIP",,,,,,,,
11977.jpg,y 857Ic64,,,,,,,,
11978.jpg,[7638Aon192,,,,,,,,
11981.jpg,X684IHSL,Rs,,,,,,,
11984.jpg,EZ9OPM49Y,,,,,,,,
11987.jpg,4i4ova.,,,,,,,,
11988.bmp,7C219IV,,,,,,,,
11997.jpg,6584451,,,,,,,,
11999.jpg,A318P0221,,,,,,,,
120.jpg,MZOOMA 46,,,,,,,,
12003.jpg,4OEMC,197,X7,RUSL,,,,,
12004.jpg,E34OTMZZ,,,,,,,,
12012.jpg,Y809hy/190,RUS,,,,,,,
12018.bmp,1395xyk5,,,,,,,,
12020.bmp,8296HE5,,,,,,,,
1203.jpg,B289BMG4,RUS,,,,,,,
12030.jpg,Y789YEL,,,,,,,,
12031.jpg,"""0649PT 150",,,,,,,,
12043.jpg,T3330H,150,RUS,,,,,,
12048.jpg,H279P044,,,,,,,,
12057.jpg,XOO4KE 69,,,,,,,,
12060.jpg,PO6o Hy 16,,,,,,,,
12065.bmp,Ghie,,,,,,,,
12069.jpg,K879TP,77,RuS,,,,,,
12079.jpg,'077600199],RUSe,,,,,,,
12089.jpg,"""C 877.84.60:",,,,,,,,
12123.bmp,(c 738PA,,,,,,,,
12127.jpg,166xE,29,'E,,,,,,
12129.jpg,MIZIMM,7150,,,,,,,
12131.jpg,'4310E18,"""P",RUSE,,,,,,
12144.jpg,M643Bcbs,RUSE,,,,,,,
12148.bmp,(EZ8P0',,,,,,,,
12163.jpg,"""8 845YB186:",,,,,,,,
12167.bmp,B,,,,,,,,
12192.jpg,"""K223yK 199",,,,,,,,
12202.jpg,7104Y454,'Y,,,,,,,
12205.jpg,A51400],35,RUS,,,,,,
1221.bmp,67B1xmg5,,,,,,,,
12216.jpg,"B4770H""154",,,,,,,,
12227.jpg,18 HP,544,RUSI,,,,,,
12238.jpg,[h6oobm124,,,,,,,,
1224.jpg,' 803CE/93.,RUS,,,,,,,
12241.jpg,K213cx,1199,RUSL,,,,,,
12242.jpg,K222PX98:,,,,,,,,
12251.bmp,E1ZBB8,,,,,,,,
12254.bmp,"""0322ck35",,,,,,,,
12279.jpg,'H722cyB2],,,,,,,,
1228.jpg,POOZBB],7177,RUS,,,,,,
12305.jpg,,,,,,,,,
12308.bmp,U,,,,,,,,
12309.jpg,8020304/,169.,,,,,,,
12321.jpg,010F,XC,73,A,,,,,
12345.jpg,05700],64,B,Ruse,,,,,
12347.bmp,18700435,,,,,,,,
12348.jpg,470xME4,0,,,,,,,
12352.bmp,"'Azs00y 35,",,,,,,,,
12357.bmp,einens,,,,,,,,
12367.jpg,HZ2OM],54,R,,,,,,
12371.bmp,LE665AME5,,,,,,,,
12372.bmp,1424xx 35,,,,,,,,
1238.jpg,'M77ZkoE6,,,,,,,,
12399.bmp,T7970P ,85,,,,,,,
12404.bmp,],,,,,,,,
12419.bmp,7315c035,,,,,,,,
1242.jpg,444EQ,93,T,RUSE,,,,,
12424.jpg,X7S9MX9,,,,,,,,
12427.bmp,N65x035,PA,,,,,,,
12430.jpg,,,,,,,,,
12465.bmp,Eocs,75,,,,,,,
12474.jpg,M289PY/34,,,,,,,,
12482.bmp,79180],15,B,,,,,,
12507.jpg,KZZZTR 172,,,,,,,,
12512.jpg,E0O7 BE,T1,RUSE,,,,,,
12543.bmp,@yTcaEEd,,,,,,,,
1255.bmp,C,7,,,,,,,
12554.jpg,"390PB """,50,'K,RUSI,,,,,
12555.jpg,KIZ1RA 584,,,,,,,,
12571.jpg,X177KEt%,RUSI,,,,,,,
12578.jpg,Y666;,XB,98,lrus,,,,,
12581.jpg,926kK',62,B,,,,,,
12597.jpg,YMSG,MM61,,,,,,,
12603.jpg,BBIZEX,75,RUIST,,,,,,
12611.jpg,(T68MX,7190,RUSE,,,,,,
12612.bmp,73,,,,,,,,
12629.jpg,EXAI,,,,,,,,
12652.bmp,,,,,,,,,
12659.jpg,ML8SHP 190},,,,,,,,
12660.bmp,785ACE5,B,,,,,,,
12664.jpg,TTIZMPI9Q,,,,,,,,
12670.jpg,E669 AXi29,RUSE,,,,,,,
12690.bmp,[e24opeys,,,,,,,,
12696.jpg,Loxl,135,rc,,,,,,
12697.jpg,0951KEB9,,,,,,,,
12730.bmp,31697Mc 3,,,,,,,,
12734.jpg,Ix G2Ocopz,RUSL,,,,,,,
12747.jpg,(BITSAE ,123,RU?,,,,,,
12751.jpg,E046KTES,RUS,,,,,,,
12755.bmp,86543435;,,,,,,,,
1276.bmp,"""cM10P0B5",,,,,,,,
1277.jpg,B777TE78:,,,,,,,,
12770.bmp,[BGBSTTES,,,,,,,,
12772.bmp,LE7165,EA,,,,,,,
12784.jpg,A777405,434,Pus,,,,,,
12800.bmp,,,,,,,,,
12805.jpg,"Ibk """,,,,,,,,
12811.jpg,Poo6cki36,,,,,,,,
12815.jpg,0039,TM,76.,RUs,,,,,
12824.jpg,HTUIKE,33,7 (4951786 22 22,AbroCneulicnp,IRUSL,,,,
12828.bmp,GG,,,,,,,,
12842.jpg,c506e05,,,,,,,,
12862.jpg,'0060Bk7163,RUSL,,,,,,,
12874.jpg,YGGGMC 199],,,,,,,,
12890.jpg,6T777HA9B,,,,,,,,
12896.jpg,0792MA,77163,RUSE,,,,,,
12900.jpg,'oOo1Ik24,,,,,,,,
12902.bmp,Malsan,,,,,,,,
12903.bmp,B726yME5,,,,,,,,
12905.jpg,LAT50AA ^,1251,,,,,,,
12906.jpg,101kcd,,,,,,,,
12909.jpg,40411B89,,,,,,,,
12919.jpg,H0070054.,,,,,,,,
12924.bmp,[34E,,,,,,,,
12929.jpg,E925YB64,,,,,,,,
12932.jpg,[c9090Hl199,RUS,,,,,,,
12964.jpg,07754418,,,,,,,,
12979.jpg,lalne:,,,,,,,,
12982.jpg,099900,77,RUS,,,,,,
12988.jpg,"[1352CE,199",,,,,,,,
12999.jpg,X5GOBP,89,IRUSL,,,,,,
13005.bmp,7069XMI97,,,,,,,,
13019.bmp,0825613,,,,,,,,
13024.bmp,104cc,35,B,,,,,,
13025.jpg,"""A885KPJT54",,,,,,,,
1304.bmp,'c642ky 35 ,,,,,,,,
13042.bmp,0OOdoo@,,,,,,,,
13049.jpg,'C4liymt,,,,,,,,
1305.jpg,E057HAnP,,,,,,,,
13056.jpg,X058,Ihry,,,,,,,
13074.bmp,'701/1435,B,,,,,,,
13083.jpg,581vM,,,,,,,,
13086.bmp,Hb638129,,,,,,,,
13088.jpg,154HE,66,y,RUS,,,,,
13089.jpg,M3Z1cH,,,,,,,,
131.jpg,cO05ccn2,RUSE,,,,,,,
13104.bmp,'8980EY/35,,,,,,,,
13110.jpg,XGLLHMTZ,RUSE,,,,,,,
13128.jpg,NOZ2IA,86-,Rus,,,,,,
13133.bmp,21946,,,,,,,,
13138.bmp,Dets,,,,,,,,
13139.jpg,732 Xc 54,,,,,,,,
13141.jpg,A659E1,4L,,,,,,,
13155.jpg,'BGOOcK,750,RUSE,,,,,,
13159.jpg,M6T1BEL,63,RUSI,,,,,,
13165.bmp,4799cy 35,,,,,,,,
13166.bmp,F,,,,,,,,
13167.jpg,HO9OMc],72,,,,,,,
13208.jpg,Hobr,POOT,,,,,,,
13230.jpg,EOZZ,MBZ],HONDA,rus,,,,,
13239.jpg,(A4ZZAAS,105} 721-7020,97,PUsi,,,,,
13241.jpg,M21OBE 54,RUSE,,,,,,,
13276.bmp,B281t285},,,,,,,,
13289.bmp,183xX 39,X,,,,,,,
13290.jpg,702888820,,,,,,,,
13312.jpg,E33ZKBL,29,Rus,,,,,,
13330.bmp,8 46308 98,,,,,,,,
13333.jpg,KSTIAKZI,RUS,,,,,,,
13370.jpg,,,,,,,,,
1338.bmp,~Y8OQEY 35,,,,,,,,
13384.jpg,"'P92 IBP]197,",RUS,,,,,,,
13386.jpg,M559OM26,,,,,,,,
13393.jpg,7Q,,,,,,,,
13410.bmp,[88630Y65],,,,,,,,
13412.jpg,Cz,,,,,,,,
13428.jpg,A232 AA,64,RUSI,,,,,,
13435.jpg,7E1ce2,,,,,,,,
13448.jpg,0873TT,86,RuS,,,,,,
13452.jpg,4126c,64,,,,,,,
13461.jpg,COOTAHIZZ:,,,,,,,,
13464.jpg,"""P848 xo/%6",,,,,,,,
13465.jpg,"B 937MP,",77.,RUS,,,,,,
13469.jpg,B149EH452,,,,,,,,
13472.jpg,[aosSoen,[17e,,,,,,,
13473.jpg,M826 BK?5,RUs,,,,,,,
13476.bmp,1446AMES,Rus,,,,,,,
13494.jpg,HOzOEa,,,,,,,,
13506.jpg,M3T7HB761,,,,,,,,
13516.jpg,B427kx,,,,,,,,
13523.jpg,'H259E0/90:,,,,,,,,
13539.jpg,'22201 42,,,,,,,,
13540.jpg,4999MXIgO,RUS,,,,,,,
13544.jpg,T909},XE,"76,",RUSL,,,,,
13553.jpg,PM41Zxc 50,RuSI,,,,,,,
13558.jpg,MS6OKP,72,RuS,,,,,,
13559.jpg,'P718yX,54,RUSI,,,,,,
13571.bmp,67882E835,,,,,,,,
13580.jpg,[M2I0M:,,,,,,,,
13581.jpg,932M],77,A,RUe,,,,,
13582.jpg,659yH,64,B,RUSE,,,,,
13588.jpg,A8O AEL,N161,[0951788-5.7881,cmeluu,POJBO,RUSE,,,
13589.jpg,0398ht 192,RLSE,,,,,,,
13604.jpg,MI2IEY,58,,,,,,,
13618.jpg,'KZOOPonz,PUS,,,,,,,
13681.jpg,ABtol,199,X7,Rus,,,,,
13688.jpg,7197 401474,,,,,,,,
13713.jpg,MOGLX,72,RUSE,,,,,,
13721.bmp,19,E035,,,,,,,
13726.jpg,J868PBJ5;,,,,,,,,
13727.jpg,M072tkh,,,,,,,,
13733.jpg,N/A,,,,,,,,
13739.jpg,H622KK],32.,RUS,,,,,,
13740.jpg,Po,,,,,,,,
13741.bmp,[T 698Aobs],,,,,,,,
13744.jpg,1o0 YA %:,,,,,,,,
13760.jpg,H2G0xtz,129,,,,,,,
13763.bmp,E254M,0351,,,,,,,
13777.jpg,(B89Bck,26,Rus,,,,,,
13784.jpg,B624K864,,,,,,,,
1379.jpg,Dut,,,,,,,,
13795.jpg,E999KKL,RUS,,,,,,,
138.bmp,3 30315,4,,,,,,,
13807.bmp,WepT,.,,,,,,,
13811.jpg,PO121444,,,,,,,,
13813.jpg,Fo MT1PBI,39,RUSE,,,,,,
13814.jpg,999,199,TK,'B,,,,,
13819.jpg,Co66cciuz,RUSI,,,,,,,
13833.jpg,699F,HX,69,A,RUSL,,,,
13836.bmp,[E4SOam 35,,,,,,,,
13838.jpg,A0800c321,RuS,,,,,,,
1384.bmp,86051285,,,,,,,,
13843.bmp,[8395CB,35,,,,,,,
13846.bmp,(8 556yX 35,,,,,,,,
13852.jpg,7506 BES9,,,,,,,,
13862.jpg,BO75BB),62,RUSI,,,,,,
13864.jpg,[M53SMO,750,,,,,,,
13867.jpg,'c555k4 96,,,,,,,,
13890.jpg,123K1 %5,B,,,,,,,
13899.bmp,8685MA1,,,,,,,,
13905.jpg,8385MP,RuS,,,,,,,
13920.jpg,K533cX,27:,RUS,,,,,,
13933.bmp,01z7c0 *,,,,,,,,
13934.bmp,E3QAB,1S,,,,,,,
1395.jpg,"LTZI """,177,,,,,,,
1397.bmp,12905qie5,,,,,,,,
13982.bmp,ME1CE]],,,,,,,,
13991.jpg,4269CE116,,,,,,,,
13996.jpg,K682EK,55,RUSI,,,,,,
14011.jpg,KZZZxono,,,,,,,,
14015.jpg,'A653 Tklu6,,,,,,,,
14024.jpg,(A784HAN64,RuS,,,,,,,
1403.jpg,357EE,25.,Y,Rls,,,,,
14031.jpg,HZOOcE99,RUS,,,,,,,
14037.bmp,III,,,,,,,,
14041.jpg,'M6OOMP[6,RUSI,,,,,,,
14042.bmp,600YAE5,,,,,,,,
14044.jpg,[X5764E1,h23,,,,,,,
1405.bmp,085JE0 *s,,,,,,,,
14069.jpg,E397KA 150,,,,,,,,
14094.bmp,[8542 ByIs5,,,,,,,,
14107.jpg,Bch,,,,,,,,
1412.jpg,028840 78,RUS,,,,,,,
14127.bmp,B58e1,,,,,,,,
14131.jpg,c5ooto1va,RUSI,,,,,,,
14144.bmp,184XE/52,,,,,,,,
14152.bmp,289E4,,,,,,,,
14156.jpg,0083xx54,,,,,,,,
14158.jpg,'P996AY,904,RUS,,,,,,
14159.bmp,L405X835],,,,,,,,
14162.jpg,X3IGAME,64,,,,,,,
14166.jpg,B51732,799,Ww dondortu,RUSI,Gensor,,,,
14167.jpg,UTat,,,,,,,,
14172.jpg,P05Zkx3y,,,,,,,,
14184.jpg,A673MO,77,RUSL,,,,,,
14188.bmp,AK1760 35,,,,,,,,
1419.jpg,KZZOEBL,32,Ruse,,,,,,
14193.jpg,TM54,P689,RUSE,,,,,,
14202.jpg,4383cKn52,,,,,,,,
14215.jpg,'YOOZTPL,254,Rus,,,,,,
14219.jpg,M6O8AK/23,,,,,,,,
14222.jpg,H3ZZHH,64,[RuSE,,,,,,
14248.jpg,K444BX/125,,,,,,,,
14251.bmp,[261070,,,,,,,,
14258.jpg,17cc36:,C,,,,,,,
14266.jpg,,,,,,,,,
14274.jpg,G4GyA,98,A,,,,,,
14276.jpg,Y625MPL,190,RUSE,,,,,,
14281.jpg,"""c8ootb RusZ;",RUS,,,,,,,
14283.jpg,0Z00Bch25,,,,,,,,
14290.jpg,X114HB,N61,RUsi,,,,,,
14312.jpg,HMMpx 72,,,,,,,,
14326.bmp,To,,,,,,,,
14337.jpg,629ue,,,,,,,,
14340.jpg,0811ox,62,T Motors,avorit E,IRuse,,,,
14351.bmp,'E2270P/72:,,,,,,,,
14356.bmp,BZ66PB,,,,,,,,
14377.jpg,"20,3ca",,,,,,,,
14378.jpg,THAL,'BO8.,1197,,,,,,
1439.jpg,Y659yy,65,RUS,,,,,,
14391.jpg,,,,,,,,,
14402.jpg,[264414,,,,,,,,
14414.jpg,WT9cc,72.,,,,,,,
14416.jpg,EI,,,,,,,,
14423.jpg,TITIco]150,RUSE,,,,,,,
14438.jpg,P550Ht,54,RUS,,,,,,
14440.jpg,JQu,,,,,,,,
14441.jpg,,,,,,,,,
14457.jpg,A053ho',4501,,,,,,,
14470.bmp,[8202cc5,,,,,,,,
14471.bmp,Uiock5,,,,,,,,
14474.jpg,H4GGMH,71,RUSE,Addisiji,,,,,
14476.jpg,'i46Jph54,,,,,,,,
14478.jpg,,,,,,,,,
14491.jpg, M54ZET),78:,RUS,,,,,,
1452.jpg,[H881E0 58],,,,,,,,
14549.bmp,31e4,135.,B,,,,,,
14551.jpg,M789CPE6:,,,,,,,,
14553.jpg,HGOACP,53,RUSE,,,,,,
14559.jpg,X387KH6e),,,,,,,,
14562.bmp,E28XHDZ,,,,,,,,
14579.bmp,"""8399KEES",,,,,,,,
14590.bmp,K949Hl 64,,,,,,,,
14612.jpg,E333EAE,VUOIDL,RUS,,,,,,
14629.bmp,[3900035,,,,,,,,
1463.jpg,HSOzyy %,,,,,,,,
14644.jpg,K99980/192,,,,,,,,
14647.jpg,B78881/35,,,,,,,,
14671.bmp,2151X5|,,,,,,,,
14702.jpg,{2224412,X,,,,,,,
14708.bmp,44,,,,,,,,
1472.bmp,BUTLES,,,,,,,,
14733.jpg,(455Soy 98,,,,,,,,
14740.bmp,'56314,,,,,,,,
14741.jpg,E436KAF4,R $e,,,,,,,
14748.jpg,E363PB],54,RUS,,,,,,
14754.jpg,1094OME],1gz,,,,,,,
14761.bmp,B520PF 35,,,,,,,,
14768.bmp,hbodfr,,,,,,,,
14771.jpg,,,,,,,,,
14772.jpg,c228cczs],,,,,,,,
14777.bmp,8848PB135,,,,,,,,
14778.bmp,Soucc,,,,,,,,
14786.jpg,~K63OMI],,,,,,,,
14801.bmp,82904^,,,,,,,,
14804.jpg,HSSZKMTIZ,,,,,,,,
14805.jpg,OOGOKM ,150,F4957772,MACCAR,RUS,,,,
14808.jpg,'KOO6XP 39,,,,,,,,
14812.jpg,,,,,,,,,
14813.jpg,? 70EX,63,,,,,,,
14839.jpg,MSog E,,,,,,,,
14846.jpg,HZSOBx],[9g,,,,,,,
14847.jpg,XLOQEYEq,,,,,,,,
14854.jpg,P647cM76,,,,,,,,
14862.bmp,N/A,,,,,,,,
14867.bmp,cz000c 35,RUS,,,,,,,
14870.bmp,3845BKE5,,,,,,,,
14879.jpg,142CAR6],B,RUSL,,,,,,
14887.jpg,40045,,,,,,,,
14889.bmp,M5748.55,,,,,,,,
14902.bmp,649021U,,,,,,,,
14911.bmp,0891435,,,,,,,,
14929.bmp,[B22712135,,,,,,,,
1494.jpg,'A55SCE 199,,,,,,,,
14943.bmp,E 7590035,,,,,,,,
14944.jpg,900Ko 98.,,,,,,,,
14970.bmp,700258,0,,,,,,,
14976.jpg,KO02Bc190,RUS,,,,,,,
1498.jpg,"[e3zyk""",0177,,,,,,,
15.bmp,[64644,35,,,,,,,
15006.bmp,223BH],135,,,,,,,
15022.bmp,A807TY,35,RUSE,BO,KYPC,50-43-43,(8172) =,70,
15028.bmp,,,,,,,,,
15029.jpg,[c565X015,,,,,,,,
15032.bmp,0975Ay],15,,,,,,,
15055.jpg,MSZOHIE2,,,,,,,,
15057.jpg,X4120B/69,,,,,,,,
15063.jpg,X047cB 66,,,,,,,,
15077.jpg,XGGLEM,92.,Rus,,,,,,
15084.bmp,14551,T253,,,,,,,
15098.bmp,LOQOB,,,,,,,,
15112.bmp,US3yp %5,,,,,,,,
15116.jpg,PZISPP/904,,,,,,,,
15128.jpg,(Y780yv72,,,,,,,,
1513.jpg,P 464Vt/54,,,,,,,,
15131.jpg,"""0G14MH 54",,,,,,,,
15145.jpg,MO63MB/6,RuS,,,,,,,
15151.jpg,B Z07cH,98,RuS,,,,,,
15154.jpg,A082HM69:,,,,,,,,
15156.bmp,Z3IO,05,,,,,,,
15160.bmp,[E436 AA35],,,,,,,,
15173.jpg,H998XAL,716z,Qus,,,,,,
1521.jpg,M488MM]ze],,,,,,,,
15228.jpg,E0091,KM,29,PUS,,,,,
15229.jpg,y 198AM62,RUSE,,,,,,,
15233.bmp,(5081,AY,,,,,,,
15241.bmp,78917pp 35,,,,,,,,
15242.jpg,K4GGKKI6L,,,,,,,,
15245.jpg,,,,,,,,,
15247.jpg,EDHA',IRIISEAL,129,Rus,,,,,
15256.jpg,K256exk9,,,,,,,,
15258.jpg,XZOOMH/98,RUS,,,,,,,
15268.jpg,BO9PMK ,196},,,,,,,
15269.jpg,PE229H4,,,,,,,,
15276.jpg,744LeB33,aus,,,,,,,
1528.jpg,X533Hy/66.,RUS,,,,,,,
15280.bmp,B 131c8 35,,,,,,,,
15284.jpg,FY955PP 25:,,,,,,,,
15301.bmp,Lly?__,,,,,,,,
15304.jpg,KZOyc],32,IRus,,,,,,
15307.jpg,,,,,,,,,
15315.jpg,X7SZMoko,RUSE,,,,,,,
15340.bmp,,,,,,,,,
15358.bmp,Mik,,,,,,,,
15377.jpg,0046AB/122,RuS,,,,,,,
15384.jpg,6025,cx%b,,,,,,,
154.jpg,1ZSTyYL,0154,,,,,,,
15408.jpg,[91OEH,03,IRUs,,,,,,
15411.jpg,T668CP/6e],RuSe,,,,,,,
15415.jpg,IP63UABL,M25,RUSE,,,,,,
15436.bmp,7ZEcy 355,'A,,,,,,,
15443.jpg,0809CB/192,RUSI,,,,,,,
15450.bmp,Fesau,,,,,,,,
15452.jpg,MOO Axe,,,,,,,,
15463.jpg,TO48HBI90,RuS,,,,,,,
15486.jpg,'A549E4i62,,,,,,,,
15499.jpg,EQS4KP 172,3,,,,,,,
15508.jpg,C222,XHzz,,,,,,,
15520.jpg,Goc,,,,,,,,
15533.jpg,B 535BB/54,,,,,,,,
15543.jpg,H087o1l,62,[eacomaem Onn Dogs,IRUST,,,,,
15551.bmp,IlGlxh,35.,,,,,,,
15564.jpg,717Yel54;,'P,,,,,,,
15568.jpg,XO69BPBS: ,IRUS,,,,,,,
15590.bmp,385AIE,35,B,IRus,,,,,
15608.bmp,EoBuy,,,,,,,,
15613.jpg,"(T226eX,125",,,,,,,,
15627.bmp,0569E4,3,,,,,,,
15631.jpg,HUIcAry,,,,,,,,
15647.jpg,X624xc54,,,,,,,,
15649.jpg,P79X02,,,,,,,,
15660.jpg,D,,,,,,,,
15664.jpg,OO4EYL,3,0,Taoad,,,,,
15673.jpg,YG7GAEI?,RUS,,,,,,,
15682.bmp,Fc 68800,,,,,,,,
15687.jpg,"""Y737thbs",,,,,,,,
15703.jpg,K354AAT,,,,,,,,
15705.jpg,LI841KAE1,,,,,,,,
15724.jpg,Exu,,,,,,,,
15731.jpg,X7851A54,,,,,,,,
15746.jpg,1152E0,54,RUSE,,,,,,
1575.jpg,,,,,,,,,
15752.jpg,P 303EX551,,,,,,,,
15778.jpg,Y0321 54,,,,,,,,
1578.jpg,X98Z1G,52,,,,,,,
15816.bmp,"E808Am35,",,,,,,,,
15823.bmp,,,,,,,,,
15826.bmp,940kY,,,,,,,,
15842.jpg,'H30Gykk9,,,,,,,,
15844.jpg,KeT9KIDB,,,,,,,,
15847.jpg,"""H8Z3EX",739,,,,,,,
1588.jpg,X024kTI,24,RUSE,,,,,,
15883.jpg,A339po2,61,Bus,,,,,,
15884.bmp,0H6370/35,,,,,,,,
15898.jpg,K756KB/64,,,,,,,,
15899.jpg,A618B1.27,,,,,,,,
15906.jpg,M359HPJ69,,,,,,,,
15909.jpg,'y 119 CE/98,RUS,,,,,,,
15933.jpg,Y 999HP,42,RUS,,,,,,
15937.jpg,623KX,624,P,,,,,,
15947.bmp,725uE9,,,,,,,,
15949.jpg,"[E743XMZ5,",,,,,,,,
15956.bmp,'B 333pts;,,,,,,,,
15970.jpg,1H999 THPQ |,,,,,,,,
15975.bmp,M439kol,[152,,,,,,,
15978.jpg,555xo,645,1979770,B,Iruse,70461,,,
15983.bmp,B301HY,35.,,,,,,,
15992.jpg,A164YI 178',,,,,,,,
15996.jpg,MZBZME,Rus,,,,,,,
16013.bmp,18578855,,,,,,,,
16048.bmp,bjud,,,,,,,,
16053.bmp,qea,,,,,,,,
16059.jpg,m991cX,58,,,,,,,
16060.jpg,YMIe,260,P,,,,,,
16064.jpg,Reoopp71,,,,,,,,
16065.jpg,'c222ox 5E,,,,,,,,
16067.bmp,4614,U7,B,,,,,,
16072.jpg,KOO AHRO,RUS,,,,,,,
16073.bmp,"""c943c053",,,,,,,,
16089.jpg,K829TH,48,RUSE,,,,,,
16099.jpg,'HZLLPX,77631,Rus,,,,,,
16102.jpg,,,,,,,,,
16107.jpg,P371PES4,,,,,,,,
16111.jpg,F0 988 RMSY-,,,,,,,,
16130.jpg,c862Ex64,,,,,,,,
1615.jpg,,,,,,,,,
16170.bmp,,,,,,,,,
16173.jpg,'K3S1cA,29.,PUS,,,,,,
162.jpg,I192HE},1199,,,,,,,
16204.jpg,A48ZA4 27,,,,,,,,
16222.jpg,K2/7ao 96,,,,,,,,
1623.bmp,'B497EYB5,,,,,,,,
16247.jpg,M19PE,4Oa,Pk,Rus,,,,,
16256.jpg,GO4LAA,"""4",,,,,,,
16257.jpg,01t10,,,,,,,,
16283.bmp,688O4P835,,,,,,,,
16293.jpg,T636T1 J5,,,,,,,,
16297.jpg,E8Ooch,4o,Rus,,,,,,
1630.jpg,P5GZoB11?,,,,,,,,
16310.jpg,{M558Ko 43,{JS,,,,,,,
16320.jpg,,,,,,,,,
16321.bmp,(B2120055,,,,,,,,
1634.jpg,AOOGKE 197,,,,,,,,
16340.bmp,84241,,,,,,,,
16349.jpg,1k7,675,K,,,,,,
16378.jpg,"""K222BH73",,,,,,,,
16389.bmp,P842KP,47,RUS,,,,,,
16402.jpg,3330y,133,T,RUSE,,,,,
16421.jpg,M565MX,05,RUSE,,,,,,
16433.bmp,CADORKv,,,,,,,,
16435.jpg,(M293E4 %,,,,,,,,
1644.jpg,P55500',96,,,,,,,
16448.jpg,HZZZAQ7ZT,,,,,,,,
16452.bmp,,,,,,,,,
16493.jpg,2TERS,,,,,,,,
1650.bmp,135,,,,,,,,
16509.bmp,ii,,,,,,,,
16515.jpg,Pzzeee5y,,,,,,,,
16521.bmp,7963yVs,,,,,,,,
16523.jpg,)3s082,z,,,,,,,
1655.jpg,,,,,,,,,
16562.jpg,18348cu44,,,,,,,,
1657.jpg,XoGott 66,,,,,,,,
16571.jpg,IB8 12PKlgg,,,,,,,,
16576.jpg,Y57AHKI,62,RUST,,,,,,
16583.jpg,HO9Omxle:,,,,,,,,
16594.jpg,'M966 BE,46,RUSI,,,,,,
16603.jpg,Q160OARZ,,,,,,,,
16604.jpg,H677AAF1G2,,,,,,,,
16614.bmp,Le49780,,,,,,,,
1662.jpg,"""M4L7PA",LZ,RUSE,,,,,,
16628.jpg,0520y1/ 177,CTCtoto,RUS,,,,,,
16635.jpg,C190PYE,,,,,,,,
16641.jpg,A354Mc]45Q,RUSL,,,,,,,
16645.bmp,1168cc 35],"""B",,,,,,,
16663.bmp,3701xhM5,,,,,,,,
16685.jpg,"'T963CR 9,",,,,,,,,
16704.jpg,'K777KP,48,RUS,,,,,,
16707.jpg,(26u01,,,,,,,,
16713.jpg,E700xYP,,,,,,,,
16720.jpg,Ezce,64,,,,,,,
16728.jpg,MITIEP 40,,,,,,,,
16729.jpg,0518Av,1124,,,,,,,
16731.jpg,XSSSyI ,,,,,,,,
16735.jpg,KZ6Lxx',150,Rus,,,,,,
16751.bmp,766/4,35,,,,,,,
16796.jpg,Ly 777PK/9g,RUSE,,,,,,,
16798.jpg,HZSZMK 499,RUSE,"1,77u70",,,,,,
16808.jpg,M569MM,64,RUSE,0073,Auto,MJoR,730-,,
16815.jpg,42AYI,n16s,08,,,,,,
16816.jpg,Xuz,,,,,,,,
16823.jpg,Fa 153k4 -,,,,,,,,
16832.bmp,034OLixiys,,,,,,,,
16833.jpg,RIKKE,,,,,,,,
16849.bmp,@EIccEE,,,,,,,,
16858.bmp,4PP5,,,,,,,,
16869.jpg,0 43510154,,,,,,,,
16875.jpg,RA872HA62,,,,,,,,
16898.bmp,'B541CMES],,,,,,,,
16907.jpg,c47604177,PUS,,,,,,,
16910.bmp,2264,35,,,,,,,
1692.jpg,'Y818 cK 4,,,,,,,,
16922.jpg,M8530B190,RUS,,,,,,,
16934.jpg,7778A4,98,,,,,,,
16936.bmp,303,,,,,,,,
16939.jpg,"""A00Lol 451",,,,,,,,
16943.jpg,H 131HY29,,,,,,,,
16947.jpg,K620KA,33,PUS,,,,,,
16950.jpg,TZ9PP,98,T,RuSE,,,,,
16954.jpg,684C0,196,,,,,,,
16978.jpg,Y043cch72,RUST,,,,,,,
16983.jpg,07790055,RUSE,,,,,,,
16985.bmp,702,3,,,,,,,
17008.jpg,P558BP 96,,,,,,,,
17024.bmp,45351455,,,,,,,,
17027.jpg,IO74ttpog,,,,,,,,
1704.bmp,657814,,,,,,,,
17042.jpg,"""e",,,,,,,,
1705.bmp,,,,,,,,,
17071.jpg,COO9CMT5Q,RUS,,,,,,,
17081.jpg,K8TZkxh97,,,,,,,,
17093.jpg,"""M310cH7z;",,,,,,,,
17108.bmp,[bu035,,,,,,,,
17112.jpg,X794cB54,,,,,,,,
17115.jpg,1607Nc 174,,,,,,,,
17125.bmp,[AB26XB/35,,,,,,,,
17144.jpg,0351xB/64,RusSe,,,,,,,
17147.jpg,Y488MP/190,RUS,,,,,,,
17167.jpg,026cc 55,,,,,,,,
17170.jpg,A138ccEZ,RUS,,,,,,,
17181.jpg,M666cc,71991,,,,,,,
17183.jpg,H687KEL,51.,RUsc,,,,,,
17186.bmp,[c612cx55,,,,,,,,
17203.jpg,M959BX 40],,,,,,,,
17209.jpg,T19OTK/19g,,,,,,,,
17237.jpg,B5O20H/702,,,,,,,,
17248.jpg,'B007 HP|,43,Ca,Rus,,,,,
17263.jpg,{O98BK E,98,,,,,,,
17269.bmp,Lb4ScB,,,,,,,,
17277.jpg,'E2020y,06,,,,,,,
17281.jpg,L,,,,,,,,
17284.bmp,LGAX55,,,,,,,,
17287.jpg,eX O1ZIA,214,,,,,,,
17300.bmp,"P2O9XP 35,",,,,,,,,
17326.jpg,"""c498PB99:",,,,,,,,
17330.jpg,PAO35MKIEZI,,,,,,,,
17334.bmp,E841AB 35,,,,,,,,
17352.bmp,EO7ZBAZ5,,,,,,,,
1737.jpg,H6o2xyis,,,,,,,,
17372.jpg,405AA162,A,,,,,,,
17381.jpg,'H98OTTl199,,,,,,,,
17397.jpg,0O90xki9o,Tardli tuatbus,RUS,,,,,,
17406.jpg,T526tt,71,RUSE,,,,,,
1741.jpg,"Iw""",,,,,,,,
17414.jpg,1835tt/64,RUS,,,,,,,
17415.jpg,B55QAXhs,Rus,,,,,,,
17430.bmp,Pe 35,864,,,,,,,
17459.bmp,,,,,,,,,
17472.jpg,'A596yc/192,,,,,,,,
17495.bmp,Le58588 :,,,,,,,,
17512.bmp,03691405,,,,,,,,
17514.jpg,K9T5,,,,,,,,
17515.jpg,058HZ,PX,RUS,,,,,,
17523.jpg,P 706M0 54.,,,,,,,,
17524.jpg,EOOZecze,Rud,,,,,,,
17541.jpg,10102,,,,,,,,
17546.bmp,Gateeg,,,,,,,,
17557.jpg,B223 BM,54,RUSE,,,,,,
17559.jpg,M21208 54,,,,,,,,
17562.jpg,P926HY,36,RUSE,,,,,,
1757.jpg,A914MHI 9,RUSI,,,,,,,
17571.jpg,MOIBXA 78,,,,,,,,
17575.bmp,,,,,,,,,
17586.bmp,0086,4ob7,,,,,,,
17597.jpg,H9QQBB148,,,,,,,,
17606.jpg,'AOZ3AApg,,,,,,,,
17614.bmp,MOrc,35,,,,,,,
1762.jpg,C625xY 98,,,,,,,,
17630.bmp,'8525E0 3,,,,,,,,
17635.bmp,EO8SEcOBS|,,,,,,,,
17638.jpg,4ooMonz ,A,RUS,,,,,,
17646.jpg,(PGG6EARY,,,,,,,,
17647.bmp,629B11,35,B,Rus,,,,,
17696.jpg,APPl,HT9,016,RUS,,,,,
17699.jpg,A0820192,,,,,,,,
17717.bmp,4O3,,,,,,,,
1772.jpg,Eudot 1,,,,,,,,
17720.bmp,906*839,,,,,,,,
17721.jpg,FM590KHe,21,,,,,,,
17723.jpg,M8O2MM,77,RUSE,,,,,,
17748.jpg,P23ZPy 64,,,,,,,,
17765.jpg,MGOOMH 72,,,,,,,,
1777.jpg,E667AHI,1152,RUS,,,,,,
17833.jpg,Y16AX,54,RUS,,,,,,
1784.jpg,,,,,,,,,
17846.jpg,10 594001161,,,,,,,,
17858.jpg,1657Y054,,,,,,,,
1787.bmp,Mejjue,,,,,,,,
17880.jpg,A919YX,77,RUS,,,,,,
17881.bmp,887848,,,,,,,,
17887.jpg,7794xx74,,,,,,,,
17889.bmp,B1,,,,,,,,
17892.bmp,[8868E0-,"135,",,,,,,,
17896.jpg,030303,,,,,,,,
17921.bmp,L2u2X,,,,,,,,
17936.jpg,1425ET/102,ABTOXAYE,RUS,,,,,,
17937.jpg,~HSSScE 8E,,,,,,,,
17957.jpg,163Bc190,T,,,,,,,
17960.bmp,D,3,,,,,,,
17974.jpg,1511171,T,,,,,,,
18004.jpg,4751206 ,,,,,,,,
1801.jpg,R82518 98,,,,,,,,
18017.jpg,k OQzKo,02,HEOTERAMG,RUSE,,,,,
18037.jpg,HT74Hp],,,,,,,,
1804.jpg,555CB,4Z,P,Rus,,,,,
18058.jpg,'P203BK/9e],,,,,,,,
18073.jpg,NOIZHA,174,Rus,,,,,,
18081.bmp,4491K4,,,,,,,,
18085.jpg,,,,,,,,,
18097.bmp,"""AOT7XB35",,,,,,,,
18098.bmp,L2b7beh05,,,,,,,,
18099.bmp,(36364883,,,,,,,,
18111.jpg,H94OMMT%,,,,,,,,
18128.jpg,'8935c7/152,,,,,,,,
1813.jpg,M079c14492,,,,,,,,
18140.jpg,0898BH8,1163,,,,,,,
18145.jpg,X600xxi63,RUS,,,,,,,
18157.jpg,[K753kk 116],,,,,,,,
18172.jpg,497910F,50,Rus,,,,,,
18175.bmp,,,,,,,,,
18190.bmp,Eqd,,,,,,,,
18226.bmp,0254098,,,,,,,,
18231.jpg,AOO2y0 150,RUS,,,,,,,
18233.jpg,PoOocc/6h,,,,,,,,
18237.bmp,[0209XME,,,,,,,,
1824.bmp,AE35,"E057,",,,,,,,
18264.jpg,H19 IKAN63,,,,,,,,
18274.jpg,'B712v1/5z,RUSt,,,,,,,
18276.jpg,K225YB1,"127,",,,,,,,
18284.bmp,,,,,,,,,
18290.jpg,@LEDi,,,,,,,,
18299.bmp,[227557,,,,,,,,
18310.jpg,(B512HXFQ,,,,,,,,
18313.jpg,P191BKZ,RUSE,,,,,,,
18314.bmp,A997py/192,,,,,,,,
18334.bmp,EO38BM,35,,,,,,,
18338.jpg,T545t 150,RUSE,,,,,,,
18361.jpg,7e 657<,ok 70,,,,,,,
1838.jpg,7u174,,,,,,,,
18384.jpg,Y O9OMC,90,IRUSE,,,,,,
18392.jpg,IcSOOcA 192,,,,,,,,
18400.bmp,0382Y,,,,,,,,
18429.jpg,X638EC 22,,,,,,,,
18445.jpg,c22ZEY,26,RUse,enone,1632],Auto],500357,LEST,CC
18446.bmp,[B690B E,,,,,,,,
18450.jpg,C64OHMp9Z,"""950*39*39",LiJQpeJ,TEHTP,,,,,
18486.jpg,eY 863PB 52,,,,,,,,
18491.jpg,T603ph59,,,,,,,,
18495.bmp,elSh,,,,,,,,
18509.bmp,227M,,,,,,,,
1851.jpg,PSSOMA,54,RUSE,,,,,,
18514.jpg,Dl,,,,,,,,
18519.jpg,'YBCSEFLY,,,,,,,,
18520.jpg,K657HH9Z,,,,,,,,
18521.bmp,68981xK 55,,,,,,,,
18524.jpg,EO6youy,,,,,,,,
18552.bmp,09 T8EE ',,,,,,,,
18573.jpg,"MIZZek""",M16,,,,,,,
18581.bmp,Sonma,,,,,,,,
18593.jpg,MOO4MEJ497,RUSI,,,,,,,
18598.jpg,[aD,,,,,,,,
186.jpg,X290Bo,21,RlS,,,,,,
18602.jpg,380cX,72,H,RUSE,,,,,
18608.bmp,AOO TAA77Z,,,,,,,,
18611.bmp,8622yK 35,,,,,,,,
18616.jpg,K769P0hz2,,,,,,,,
18632.bmp,EEZLee %,,,,,,,,
18634.bmp,(E792AM35,,,,,,,,
18638.jpg,PMeh *,,,,,,,,
18649.jpg,B2 1ZHM/9Z|,RUS,,,,,,,
18652.jpg,AM 021,7746,A,,,,,,
1866.jpg,PE799CPlde,RUSI,,,,,,,
18662.jpg,c278cH 70,,,,,,,,
18668.jpg,'h047HHB6,,,,,,,,
18669.jpg,F0372y1/zy,,,,,,,,
18678.jpg,A 433MPI9O,,,,,,,,
18685.jpg,F727mHl,,,,,,,,
18687.jpg,Y052yx,524,RUSE,,,,,,
18691.jpg,X46Oxx5e,,,,,,,,
18715.jpg,M546PM6B,240220,RUSL,MeMIO,,,,,
18738.bmp,B317 BY 35,,,,,,,,
18768.jpg,X555,TE,15,RUSE,,,,,
18776.bmp,455AK,,,,,,,,
18791.jpg,E949TE,71,RUS,,,,,,
18812.jpg,"""0819EX199",,,,,,,,
18813.jpg,(B786YAlo,,,,,,,,
18816.jpg,'E7 18yc/152,,,,,,,,
18822.jpg,,,,,,,,,
18826.bmp,LZMB,,,,,,,,
18830.bmp,It,,,,,,,,
18832.bmp,[Amgb9y_,,,,,,,,
18838.bmp,'T698Y0,35,,,,,,,
18850.jpg,MII2MM;9,JUS,,,,,,,
18855.bmp,Faluike,05,,,,,,,
1886.jpg,'E579KBl97],5063ody,RuS,,,,,,
18861.jpg,XOO4BPN25,RUSE,,,,,,,
18884.bmp,JeS62CB,35,,,,,,,
18892.bmp,@el,,,,,,,,
18902.jpg,8O9MM720,,,,,,,,
18904.jpg,H3O9,CH,52,Ioro Jana4,7075511,Ouhwt,RUST,BMWRTTER,
18920.jpg,'HSSSMY 29,,,,,,,,
18938.bmp,630241 35],,,,,,,,
18950.jpg,YO99BHI9Z,,,,,,,,
18970.jpg,'KOOTEc,71,"J3,",,,,,,
18979.jpg,335AB/7O:,,,,,,,,
18993.jpg,'A677KTL,N97,RUST,,,,,,
1900.jpg,KBBBEBS,0199,Rus,,,,,,
19009.jpg,AGEMP97,,,,,,,,
1901.jpg,2H2130X,382,RUSE,,,,,,
1903.bmp,BS49he 55,,,,,,,,
19031.jpg,79zBB774,,,,,,,,
1904.jpg,E5614461,,,,,,,,
19046.jpg,7206c0l90,,,,,,,,
19052.bmp,Aq74pK 35],,,,,,,,
19064.bmp,L8 193c855,,,,,,,,
19078.bmp,8730HB 35:,,,,,,,,
19093.jpg,P04 IKx/190],RUSE,,,,,,,
19099.jpg,B9990A/190,RUSE,,,,,,,
19113.bmp,LBO1SIM,,,,,,,,
19121.jpg,M1MKi32,KOO:,,,,,,,
19125.jpg,gcdpe -,,,,,,,,
1914.jpg,M4IHon74,,,,,,,,
19185.jpg,F0664MM52,,,,,,,,
1919.jpg,79984,90,RUS,,,,,,
19198.bmp,18345e0,8S,,,,,,,
19201.jpg,KOOTEQ68,,,,,,,,
19204.bmp,13110u3g,,,,,,,,
19208.bmp,8236yx135.,,,,,,,,
19224.jpg,D,,,,,,,,
1923.jpg,03740,,,,,,,,
19234.jpg,,,,,,,,,
19240.jpg,XOOZKH,78,RUS,,,,,,
19241.bmp,79osate,,,,,,,,
19266.jpg,B222AM178,RUSI,,,,,,,
19279.jpg,'ES 5kv],98,RUS,,,,,,
19281.bmp,,,,,,,,,
19307.bmp,[R563TH35,,,,,,,,
19322.bmp,Meee,55,,,,,,,
1933.jpg,0936A8 125,,,,,,,,
19344.jpg,601KK64,RUS,,,,,,,
19355.jpg,HIIcA,163,,,,,,,
19385.jpg,002140.9,,,,,,,,
19395.bmp,1806P8,85,,,,,,,
19396.jpg,K623AX/46,RuS,,,,,,,
19399.jpg,"""M995AAI42",Pus,,,,,,,
19412.jpg,E777EE/78',,,,,,,,
19413.jpg,EOO 1PPl,74,IRUSE,,,,,,
19416.jpg,1869tt 98,,,,,,,,
1942.jpg,B017HKES,,,,,,,,
19423.bmp,"""512x8",,,,,,,,
19425.bmp,920ck,35,B,,,,,,
19427.jpg,B4O3oy/ 47Z/,RUS,,,,,,,
19430.jpg,H738,PM98,RUSI,,,,,,
1944.bmp,719ck15],,,,,,,,
19440.bmp,729PB,LA,,,,,,,
19466.jpg,E002 CK52,,,,,,,,
1947.jpg,T555MA,720,,,,,,,
19477.jpg,c 135cchz:],,,,,,,,
19486.jpg,8080E54,A,RUsi,,,,,,
19493.jpg,E473eE778,,,,,,,,
19496.jpg,K075c171,,,,,,,,
19498.jpg,EZ7KAL,86,RUS,,,,,,
19503.jpg,,,,,,,,,
19509.jpg,EOOScol8e,,,,,,,,
19511.jpg,H587 OPI,62,RUSE,,,,,,
19515.jpg,342EXL,27,RUSF,A,,,,,
19526.bmp,Nt208-v,,,,,,,,
19535.bmp,FN,,,,,,,,
19588.jpg,[P332E14,,,,,,,,
19590.jpg,TO7OMA/98,RUS,,,,,,,
19592.bmp,,,,,,,,,
19606.jpg,X07),,,,,,,,
19607.jpg,[M282,Co,974,RUS,,,,,
1961.jpg,M198a4,H2,,,,,,,
19627.bmp,715c0g5,,,,,,,,
19649.jpg,K098 Pc 58,,,,,,,,
19653.jpg,HZ9OXM,122,,,,,,,
19654.jpg,HO16,AB 116,,,,,,,
19674.jpg,T341TB,54,RUSE,,,,,,
19676.jpg,E777yB/199,RUSI,,,,,,,
19679.jpg,tA988KTL,1199,RUSI,,,,,,
1968.jpg,{768NC,M4,,,,,,,
19715.bmp,'106 EPI6Z,,,,,,,,
19716.jpg,KOO9KK,98,,,,,,,
19720.bmp,37S4Y,,,,,,,,
19727.jpg,003100,742,RUS,,,,,,
19740.jpg,38272,,,,,,,,
19747.jpg,4484MY54,,,,,,,,
19756.jpg,0755008,99=,"""0",Rus,,,,,
1977.jpg,M417,BM,784,RlS,,,,,
19782.bmp,(y581EE85,,,,,,,,
19785.jpg,Y273,AE,12,MAEMA,RUSE,Vekte,Ja,[pjaz),2n
19787.jpg,P3Z3MALI,RUSI,,,,,,,
19789.bmp,[82Z2yyI,,,,,,,,
19799.jpg,0Do12,,,,,,,,
19800.jpg,652ko],51,0,RUS,,,,,
19802.jpg,M149EC 05,,,,,,,,
19805.jpg,485Mol9Q,A,RUS ,,,,,,
19810.bmp,867901L,35,,,,,,,
19814.jpg,[7586,,,,,,,,
19819.bmp,BZZO,,,,,,,,
19828.jpg,M56 TKB],76,Irust,,,,,,
19841.jpg,MIIBBL,77102,RUSE,,,,,,
19868.jpg,X987CHE,"36,",Kaus,,,,,,
19870.jpg,6290Y,,,,,,,,
19874.jpg,M4OSMX 71,,,,,,,,
19879.bmp,M,,,,,,,,
19880.bmp,[054,,,,,,,,
19887.bmp,AAoo3ca,,,,,,,,
19897.jpg,,,,,,,,,
19902.jpg,E3Z6Ec',178,US,,,,,,
19905.jpg,3921892,A,,,,,,,
1991.jpg,A279AA,,,,,,,,
19918.jpg,KIleM,,,,,,,,
19929.jpg,Noiedzz],,,,,,,,
19947.jpg,X8O6xXlZ],RUS ,,,,,,,
19948.jpg,X8OOtHE,,,,,,,,
1995.jpg,C6Z1vy,56],,,,,,,
19950.jpg,98044,,,,,,,,
1997.jpg,C629xh,52,RUS,,,,,,
19972.bmp,6e726ex35,,,,,,,,
19976.bmp,1338oxk5],,,,,,,,
19981.jpg,MOO6EXBL,,,,,,,,
19995.jpg,ASOOAAN5q,,,,,,,,
2.jpg,U,,,,,,,,
20019.jpg,AOOZEB64,,,,,,,,
20030.jpg,T642YA54,,,,,,,,
20038.jpg,4282kk 197,,,,,,,,
20048.jpg,07,,,,,,,,
20076.jpg,K872YEB6,RUSE,,,,,,,
20078.jpg,"""A283cE96",,,,,,,,
20090.bmp,Y 523KK35.,,,,,,,,
20093.jpg,,,,,,,,,
20099.jpg,P804PP,98,RUSE,,,,,,
20117.jpg,(o 111vp198,,,,,,,,
20129.jpg,E259hE5,72,,,,,,,
20135.jpg,IE41Apol,1781,RUse,,,,,,
20156.jpg,I33ZyAL,52,RUS,,,,,,
20157.jpg,X6451 %,,,,,,,,
20167.bmp,bze7.,,,,,,,,
20172.jpg,E6568M,,,,,,,,
2018.jpg,H625am (90:,,,,,,,,
20185.jpg,893ME,35 ,2,,,,,,
20191.bmp,0048CA,38,RUS,,,,,,
2020.bmp,PAiE,,,,,,,,
20204.bmp,L,F,,,,,,,
20216.bmp,6T242v0 35,,,,,,,,
20223.jpg,"""COSSEX/90",RUS,,,,,,,
20237.jpg,c23108],96,RUSL,,,,,,
20240.jpg,CO98HM,019z,'NiesaN,RUSE,,,,,
20253.jpg,582EX],541,C,RUSI,,,,,
2026.jpg,EGOOTA,F199,RSE,,,,,,
20262.jpg,100YB|,76,0,RUSE,,,,,
20276.jpg,H888KA,62,RUS,,,,,,
2028.jpg,A361A0 ,,,,,,,,
203.jpg,X577PB54,,,,,,,,
20309.jpg,Zux,K8OE,163,,,,,,
20315.jpg,,,,,,,,,
20317.jpg,El4yHEC,122,,,,,,,
20328.bmp,4421KE5,,,,,,,,
20339.bmp,(B 58844,,,,,,,,
2035.bmp,156Eyk5,B,,,,,,,
20362.bmp,[0535XH05,,,,,,,,
20364.jpg,FY399EAl194,Rusi,,,,,,,
20368.jpg,K223,BA,324,RuS,,,,,
20408.jpg,'T967Po,(905,Iaus,,,,,,
20429.jpg,csiivc,98,,,,,,,
20450.jpg,'C877TBJe6,RUS,,,,,,,
20459.bmp,Lo0ic,,,,,,,,
20470.jpg,+4557EEF,54,RUS,,,,,,
20472.jpg,1004,,,,,,,,
20494.jpg,06 0TMIY6,,,,,,,,
20495.bmp,1888717/027,,,,,,,,
20498.jpg,BOauc 4,,,,,,,,
20506.jpg,'K204kH54,,,,,,,,
20510.jpg,P 192PT,64,IRUSI,,,,,,
20525.bmp,Ye4iryl,s,,,,,,,
20527.jpg,4S7,,,,,,,,
20531.jpg,4560`,xtk2o,,,,,,,
20532.jpg,692E4,42,C,,,,,,
20535.bmp,Heg?,,,,,,,,
20536.jpg,4968AA 98,RUSE,,,,,,,
20537.jpg,"10n1: ,=",,,,,,,,
2054.jpg,03200,"35,",A,RUSE,,,,,
20540.jpg,8940HC 43,,,,,,,,
20541.bmp,OIbb,05,,,,,,,
20548.jpg,4089 4x62|,IRUS,,,,,,,
20552.bmp,262KY 35.,B,,,,,,,
20558.bmp,0724P 35,,,,,,,,
20566.jpg,P3GGKRi36,,,,,,,,
20574.jpg,XSTIMTS4,,,,,,,,
20580.bmp,Toiue',,,,,,,,
20585.jpg,,,,,,,,,
20586.bmp,F54801e7,,,,,,,,
20595.jpg,Ampot,,,,,,,,
20618.bmp,E4986c3,,,,,,,,
20623.jpg,X888y A/98,RUSI,Md,,,,,,
20625.jpg,Kellokk2,,,,,,,,
20633.jpg,,,,,,,,,
20640.bmp,282uath,,,,,,,,
20642.jpg,03204k 04],,,,,,,,
20644.bmp,494AX/35,,,,,,,,
20652.bmp,[3vo,35,,,,,,,
20669.jpg,P 858PPI54,,,,,,,,
2067.bmp,TTES,,,,,,,,
20670.bmp,AM786 P135,,,,,,,,
20676.jpg,322544122,,,,,,,,
20685.jpg,H8LHH,52,,,,,,,
20689.bmp,04770g35,,,,,,,,
20693.jpg,'c445ccz,,,,,,,,
20695.jpg,Kobaz,,,,,,,,
20722.jpg,T 193BA,96,IRUS,,,,,,
20737.jpg,A992XA,72a,RUS,,,,,,
20740.jpg,P8GIMK 6e,,,,,,,,
20743.jpg,,,,,,,,,
20752.jpg,M3338K074,,,,,,,,
20755.jpg,'EZ14OMEe,,,,,,,,
20757.jpg,H042',Cc/9e,nouu,,,,,,
20761.bmp,U45Hk 3,,,,,,,,
20775.bmp,"B845BK 35,",,,,,,,,
2079.jpg,K9OOHcluuz,RUSE,,,,,,,
20793.bmp,H267 8079,,,,,,,,
20797.jpg,K511KYBY,,,,,,,,
20800.jpg,[02098c/165,RS,,,,,,,
20803.jpg,K3obPK,,,,,,,,
20804.jpg,"""M259ET 54.",,,,,,,,
2081.jpg,B 171HH/32,,,,,,,,
20820.jpg,P269HHL,790,RUS,,,,,,
2083.bmp,E528AA 35,,,,,,,,
20830.bmp,"""c483YHES",,,,,,,,
20840.jpg,K165 /,AP,96,RUS,,,,,
20842.jpg,ABZIc,Ce,21,RUSI,,,,,
20846.jpg,029x98,,,,,,,,
2087.bmp,AH52ZMSS,,,,,,,,
20880.jpg,TC96yyEE;,,,,,,,,
20882.bmp,184XE1R8,A,RUS,,,,,,
20883.bmp,291EY,35.,E,,,,,,
20900.jpg,X161TH86,RUS,,,,,,,
2091.bmp,705474,,,,,,,,
2093.jpg,A878EC99,,,,,,,,
20939.jpg,K873MAT9,,,,,,,,
20950.jpg,155MI 16,RUs,,,,,,,
20959.jpg,Y4S0HP 16,,,,,,,,
21006.jpg,VWUA,,,,,,,,
2101.jpg,17Z7AY,72,IRuse,,,,,,
21011.bmp,433M4 35],MB,,,,,,,
21013.jpg,X755,BMEY,RuS,,,,,,
21035.jpg,,,,,,,,,
21038.jpg,M203ym91,,,,,,,,
21049.bmp,[B129YY,15,,,,,,,
21050.bmp,Mtol,,,,,,,,
21104.jpg,Y533Kh54,,,,,,,,
21105.jpg,8674AN6y,,,,,,,,
21117.jpg,M963TB15L,,,,,,,,
21134.jpg,B G54Px25,,,,,,,,
21146.jpg,6257047,,,,,,,,
21149.jpg,H2600E,96,3,,,,,,
21154.jpg,E812cc,763,RuS,,,,,,
21171.bmp,[e680EA/5,,,,,,,,
21183.jpg,EZ44EE,1490,Rue,,,,,,
21206.bmp,Sz101 35,,,,,,,,
21208.jpg,"E098BX/ 478,",,,,,,,,
21212.bmp,"""P923Phge",,,,,,,,
21217.bmp,(8697nS,,,,,,,,
2122.jpg,te4ienez,,,,,,,,
21220.bmp,A),,,,,,,,
21237.bmp,Ee8cBiy,3A,,,,,,,
21247.jpg,c297TM29,,,,,,,,
21264.jpg,088X1.,,,,,,,,
2127.bmp,1998M/%5,,,,,,,,
2128.jpg,K9O4AA,96,RUS,,,,,,
21293.jpg,[cOBIcchz,,,,,,,,
21300.bmp,[B714YX55,,,,,,,,
21305.jpg,,,,,,,,,
21309.jpg,,,,,,,,,
21313.jpg,~A533MET9|,,,,,,,,
21314.jpg,JZ,,,,,,,,
21318.jpg,KSSCE,22,,,,,,,
21328.bmp,47454Y85,,,,,,,,
21331.jpg,P 4O_kk',bl,,,,,,,
21335.jpg,A445yA/02,,,,,,,,
21346.jpg,8 083 P y 16,,,,,,,,
21367.jpg,C1FKONL,RUS,,,,,,,
21370.jpg,'B89208 474],,,,,,,,
21373.jpg,17cEHZ,,,,,,,,
21381.bmp,Bi,,,,,,,,
21384.bmp,8863CYE5,,,,,,,,
21385.jpg,L51Z4,,,,,,,,
21411.jpg,MoSOkY,46,,,,,,,
21417.bmp,868EBJ5:,B,,,,,,,
21432.jpg,L8sOea,15,,,,,,,
21434.jpg,B867Y065,,,,,,,,
21449.jpg,HZO4HP,72,RLS,,,,,,
21459.bmp,924dey85,,,,,,,,
21460.bmp,1842HK3,,,,,,,,
21461.bmp,EBCs:,339,FT,,,,,,
21478.jpg,'X1GZIP 54,,,,,,,,
21480.jpg,Y827E1 54,,,,,,,,
21502.jpg,S38xc24,,,,,,,,
21507.bmp,18380E',,,,,,,,
21529.bmp,BOB4XE-,,,,,,,,
21532.jpg,FA 109AB98,,,,,,,,
2156.bmp,2999yt 35,,,,,,,,
21563.jpg,C305MeIZL,RUs,,,,,,,
21568.jpg,M006 ,XPIz?,,,,,,,
21582.jpg,M999cc,77,RUS,,,,,,
21597.jpg,Ubye ?,86.,,,,,,,
21610.jpg,XOdbxx],RUSE,,,,,,,
21612.jpg,A290Akl9g,RUSE,,,,,,,
21627.jpg,'014500,71,RUS_,,,,,,
2163.jpg,K99eky,RUS,,,,,,,
21653.jpg,'KZZZHKEBS,,,,,,,,
21659.jpg,Y7OOE0 199,RUse,,,,,,,
21667.jpg,ELOJEEL,N78,RUsF,,,,,,
21679.jpg,X492CE,66,RUSL,,,,,,
21693.jpg,"""C329CB",96,RUS,,,,,,
21697.jpg,K996HX,40,RUSE,,,,,,
21703.bmp,cSO1oB,35,,,,,,,
21704.jpg,MO09AE 15,RUSI,,,,,,,
21711.bmp,65501b9,,,,,,,,
21718.jpg,K757KKl,64,RUS,,,,,,
21742.jpg,K739E11,1463,,,,,,,
21748.jpg,K035Ac/32,AU,,,,,,,
2175.bmp,y487 BY 35,,,,,,,,
21750.jpg,0053BX124,,,,,,,,
21766.bmp,1841zo9,,,,,,,,
21783.jpg,'M3O8HY,72,RUSL,,,,,,
21808.bmp,,,,,,,,,
21844.jpg,Vmul?,,,,,,,,
21847.jpg,B 447EK0z,IRUS,,,,,,,
21858.jpg,B 777HA,46,RUSE,,,,,,
21862.bmp,D692xe 4,1152,Rus,,,,,,
21883.jpg,K2O60AL8,,,,,,,,
21894.jpg,TO37IKBZ,RUS,,,,,,,
21901.jpg,,,,,,,,,
21904.jpg,20485712,A,,,,,,,
21921.bmp,35500 35,B,,,,,,,
21926.jpg,'A863XB/199,Rus,,,,,,,
21927.jpg,MG34XE9S,,,,,,,,
21929.jpg,7547ht,47.,RUS,,,,,,
2194.bmp,Gcate,,,,,,,,
21953.jpg,c512E38,,,,,,,,
21959.bmp,BLI6MB 35.,,,,,,,,
21962.jpg,A4G7yclre,,,,,,,,
21969.bmp,[e953Bk %5,,,,,,,,
21970.jpg,,,,,,,,,
21974.jpg,M372AX 32,,,,,,,,
21982.bmp,,,,,,,,,
21987.jpg,E8150y,29,RUS,,,,,,
220.bmp,DW3,,,,,,,,
22000.jpg,MOOxkhso,RUS,,,,,,,
22009.jpg,M132P0 543,,,,,,,,
22011.jpg,K02ZcyBz,,,,,,,,
22026.bmp,184XE1R8,A,RUS,,,,,,
22027.bmp,S]n,,,,,,,,
22055.bmp,J8c,,,,,,,,
22062.jpg,Ik 4520K71],,,,,,,,
22072.jpg,MOCSBC,1501,RUS,,,,,,
22073.jpg,H957yx54,,,,,,,,
22074.jpg,XOR3P,,,,,,,,
22078.bmp,B763P? 35,,,,,,,,
22094.bmp,B313CK,35.,RUSI,,,,,,
22095.bmp,07X,,,,,,,,
2210.jpg,YZO9MPI,750,427,RUS,,,,,
22131.jpg,{0601o0F,,,,,,,,
22132.jpg,'c5OOxkeg,RuS,,,,,,,
2214.jpg,1252M169:,,,,,,,,
22150.jpg,H735KA,129,Rus,,,,,,
22155.jpg,3,,,,,,,,
22173.jpg,7e0125,HOOZ,,,,,,,
22174.jpg,A353KA/154,RUSE,,,,,,,
22180.jpg,7 ekx Z,#B,,,,,,,
22195.jpg,HlZZhx,162,RUS,,,,,,
222.bmp,629940,,,,,,,,
2221.jpg,AVOONR 78,,,,,,,,
22214.bmp,[323xc,35,,,,,,,
22215.bmp,AE35,[8804,,,,,,,
22228.jpg,"""P5407469",,,,,,,,
22238.bmp,055848,,,,,,,,
2224.jpg,XI5OOIL,199,RUSI,,,,,,
22240.jpg,343MYL,14z,C,RUS,,,,,
22243.bmp,6291HTN5,,,,,,,,
22246.jpg,M123AX/2,,,,,,,,
22249.bmp,,,,,,,,,
2225.bmp,05ut,,,,,,,,
22272.jpg,(HOS 1EAL,,,,,,,,
22295.bmp,[88630Y65],,,,,,,,
22305.jpg,A08000 64,Rus,,,,,,,
22307.jpg,Y093BM125,Pu,,,,,,,
22318.bmp,1655}F,,,,,,,,
22334.jpg,"""H328-",Xx/9os,,,,,,,
22335.bmp,,,,,,,,,
22337.jpg,Tje,,,,,,,,
22339.jpg,482KE/197,,,,,,,,
22343.jpg,1M15880192,,,,,,,,
22353.jpg,Y224K8 16,,,,,,,,
22354.jpg,P779tc 96,,,,,,,,
22408.bmp,K762x1 >,,,,,,,,
22420.bmp,Ie,,,,,,,,
22432.jpg,681oya,,,,,,,,
22434.jpg,M007tk3y,A,,,,,,,
22437.jpg,X7OOBthoo,RUS,,,,,,,
2244.bmp,Isooehbs],,,,,,,,
22457.jpg,HHO8OPM 63,,,,,,,,
22458.bmp,O,,,,,,,,
22470.jpg,Y 093PY5G,,,,,,,,
22477.jpg,154,,,,,,,,
22482.bmp,"""B829XKIB5}",,,,,,,,
22487.jpg,M679kc],,,,,,,,
22489.jpg,TO93KAEL,,,,,,,,
22497.jpg,159K1 51,B,,,,,,,
22505.jpg,B 739BE35,,,,,,,,
22506.jpg, 751tx54;,,,,,,,,
22507.jpg,X6JJca,09q,,,,,,,
22511.jpg,,,,,,,,,
22529.jpg,X7Zat,190,RUS,Mocrr,ena,,,,
22538.jpg,I40ok52,IRUSE,,,,,,,
22559.jpg,A39Umo,,,,,,,,
22574.jpg,c609xh7,,,,,,,,
22583.jpg,POO3YMTZ,,,,,,,,
22584.bmp,56kp!,354,FA,,,,,,
22588.jpg,KOOGhc 72,,,,,,,,
22597.jpg,YObyyl,1974,RUS,,,,,,
22599.jpg,15547-92,,,,,,,,
22610.jpg,KlLIBEIIg,RuS,,,,,,,
22624.jpg,XZZZMA 9Z,RUse,,,,,,,
22667.jpg,'A999TEJ78,RUSE,,,,,,,
22668.jpg,E419HX,199,RUse,,,,,,
2267.jpg,"""H9O2cP5g",,,,,,,,
22678.jpg,Kt624XTI,199,Rus),,,,,,
22689.jpg,M542HYNOZ,,,,,,,,
2271.jpg,B232 TM76,RuS,,,,,,,
22710.bmp,JeSi1ex-,135,,,,,,,
22720.jpg,E,,,,,,,,
2273.bmp,18716135],,,,,,,,
22735.jpg,520TI,71,T,RUSL,,,,,
22738.jpg,c610yh54:,,,,,,,,
22739.jpg,Gsti,,,,,,,,
22741.jpg,XOOSY,,,,,,,,
22744.jpg,055E455,RUSE,,,,,,,
22746.jpg,(820 1HYH6,,,,,,,,
22758.bmp,Lator,6S,,,,,,,
2277.bmp,465c8',,,,,,,,
22772.jpg,1643ke54,,,,,,,,
22780.jpg,M8885,Pc/o,Jrus,,,,,,
22781.jpg,M66Pc]9;,,,,,,,,
22794.jpg,[M5SSPA',1125,RUS,,,,,,
22798.bmp,(7936KE85,,,,,,,,
22800.jpg,401709,,,,,,,,
22807.jpg,Bos9,,,,,,,,
22808.jpg,78380x22;,,,,,,,,
22831.bmp,1967249,,,,,,,,
22832.jpg,00244X7416,RUSE,,,,,,,
22842.jpg,8981To 17,,,,,,,,
22845.jpg,178e8 0,CX64,,,,,,,
2285.jpg,"""A 166E0/154",RUSE,,,,,,,
22863.jpg,c8820Y/192,,,,,,,,
22873.jpg,"015644 """,136,,,,,,,
22880.jpg,X849OEL,50,RUSE,,,,,,
22885.jpg,'925MK 69],,,,,,,,
22912.bmp,Dcx5,,,,,,,,
22914.jpg,'069yy34|,Y,,,,,,,
22925.bmp,l 43OEXL,96.,RUS,,,,,,
22928.bmp,@30zev/y,,,,,,,,
22941.jpg,'592MX,96,P,Ruse,,,,,
22942.jpg,P 117xol96,RUS,,,,,,,
22964.jpg,~EOooRYL,29,,,,,,,
22982.jpg,966cy],99,C,BuS,,,,,
2299.bmp,8951KE/35;,,,,,,,,
2301.jpg,B252AH 128,,,,,,,,
23023.jpg,G EcEz:,Rus,,,,,,,
23038.bmp,BidB,,,,,,,,
23071.bmp,,,,,,,,,
23096.jpg,830EM,12,X,,,,,,
23116.jpg,320c4,9,P,,,,,,
23126.jpg,0942TM8,,,,,,,,
23141.jpg,K696BM*,125,,,,,,,
23144.bmp,L2Z5RR,,,,,,,,
23172.jpg,E432EC],64,Iruse,,,,,,
23182.jpg,H378EE.116,RuS,,,,,,,
232.bmp,'1894Tk/35,,,,,,,,
23205.jpg,'B777KP 150,Rus,,,,,,,
23214.jpg,(C678cY93,Kntoranio,RUS,,,,,,
23223.bmp,"'8,3558535",,,,,,,,
23224.jpg,Kk736[,Axk2,RUS,,,,,,
23230.bmp,I50RA35],B,,,,,,,
23240.jpg,Y2780c/66,RUSI,,,,,,,
23247.jpg,T1ZZoy/199,RUSI,,,,,,,
23258.jpg,120KB],12z,A,,,,,,
23276.jpg,70746kY 61,,,,,,,,
23290.jpg,K90BE1/60,,,,,,,,
23322.jpg,X555AM 16,,,,,,,,
23347.bmp,53962d55,,,,,,,,
23364.jpg,E032YE 294,,,,,,,,
23385.jpg,c6961429,,,,,,,,
23390.jpg,"""M999KK]",99,RUUS,,,,,,
23393.bmp,77294HK,,,,,,,,
23402.bmp,636415,,,,,,,,
23406.bmp,[22032495,,,,,,,,
23438.bmp,ESUTYO,,,,,,,,
23442.jpg,Y5GZXH,24,,,,,,,
23473.jpg,'P866L,ABI63,RUSE,,,,,,
2348.jpg,T794oy/199],,,,,,,,
235.bmp,D8,,,,,,,,
23501.jpg,YGO6XXEs;,RUSE,,,,,,,
23508.jpg,PK9T5KMBT,,,,,,,,
23511.bmp,(e8381,AXbs ,,,,,,,
23514.jpg,Y526yyl,7750,RUSE,,,,,,
23517.jpg,K59SEE/197;,,,,,,,,
23520.jpg,'He88cK 87:,,,,,,,,
23538.bmp,CK883PM29,,,,,,,,
23559.bmp,labo,,,,,,,,
23579.bmp,A610IX 35,,,,,,,,
2358.jpg,*68oKc 31,RUSE,,,,,,,
23584.jpg,K5IZIE 199,,,,,,,,
23602.jpg,H253E0. 96,,,,,,,,
23605.jpg,Co07htiy,,,,,,,,
23636.jpg,OOO4HB],0197,1363-3565,"Kpunatcrov """,RUS,leou,,,
23641.jpg,HT2Shth16,,,,,,,,
23645.bmp,6913EE ,35,,,,,,,
23660.jpg,X648xX/6Z,RUSI,,,,,,,
23664.bmp,"""B590EE 35,",,,,,,,,
23688.jpg,c6z0cc,46,RuS,,,,,,
23691.jpg,POOQPP/,,,,,,,,
23694.jpg,M8490,0k37,,,,,,,
23695.jpg,KOOIEPL,71_,IRus,,,,,,
23697.jpg,343MMES;,P,,,,,,,
23716.jpg,"Ii444xx""","35,",,,,,,,
23717.jpg,,,,,,,,,
2372.jpg,IPO08PP _,71,,,,,,,
23733.jpg,BO6 1TTl6y,RUSE,,,,,,,
23734.jpg,H9LO,,,,,,,,
23746.jpg,(E108EH,7178,RUSE,Opel,,,,,
2375.jpg,X222MH,RUs,,,,,,,
23751.jpg,744AB],M9L;,'K,RUS,,,,,
23766.jpg,Y8O9hy/190,RUSI,,,,,,,
23770.bmp,65211,,,,,,,,
23802.jpg,19674 2,,,,,,,,
23809.jpg,H2ILyx 29,,,,,,,,
23814.jpg,L8 T7S5CB,RUs,,,,,,,
23816.jpg,,,,,,,,,
23818.jpg,c691cc98,,,,,,,,
23847.jpg,HGg6KAL,0116,OTOOD,RUS,,,,,
23863.jpg,162vMZ6,K,,,,,,,
2387.jpg,'P 519Ho5y,,,,,,,,
23872.jpg,"{E666EB,51",,,,,,,,
23888.jpg,M199AE1975,RUS,,,,,,,
23892.jpg,IK7ZZxA15,RUST,,,,,,,
23918.jpg,"""0376KE.199]",,,,,,,,
23947.jpg,7747Ho 54,,,,,,,,
23952.jpg,&k ,,,,,,,,
23965.jpg,M978AA199],,,,,,,,
23967.bmp,56ktF,135.,"""B",,,,,,
23971.bmp,HESS,00037,,,,,,,
23974.jpg,E858xc2?,,,,,,,,
23976.jpg,{8 739TI,14o.,,,,,,,
23995.bmp,cbueu,,,,,,,,
23998.jpg,POOOHA9Z,,,,,,,,
2402.jpg,P9674T54,,,,,,,,
24021.jpg,H 1420X/62,RUSE,,,,,,,
24058.bmp,LeXB S,,,,,,,,
24067.jpg,c967EA-,125,Rust,,,,,,
24072.jpg,P 496IK3L,,,,,,,,
24078.jpg,903TIk39,,,,,,,,
24081.bmp,B262TPi35,,,,,,,,
24083.jpg,B,,,,,,,,
24110.bmp,164570,,,,,,,,
24123.bmp,NERHD,,,,,,,,
2413.jpg,(K66ZAH,29,,,,,,,
24136.jpg,A090oHke,RUS,,,,,,,
2414.jpg,"""0044o0r19)",,,,,,,,
24145.bmp,RE4P,,,,,,,,
24155.jpg,'H694tc/154,,,,,,,,
24158.jpg,'H66808,55,,,,,,,
24159.jpg,Y888CE,24,RUSI,,,,,,
2417.jpg,6622Ecl,061,Rus,,,,,,
24182.jpg,M11LIK86:,,,,,,,,
24190.bmp,92201835,,,,,,,,
24207.bmp,JD,,,,,,,,
24238.jpg,(1446ABn2],,,,,,,,
24268.jpg,IP63 IMEl9o,,,,,,,,
24277.bmp,1BOEI,"35""","""Y",,,,,,
24283.bmp,,,,,,,,,
24294.bmp,555tBk5,,,,,,,,
24295.bmp,BZ54Y1 35,,,,,,,,
2430.bmp,E673AK 35,,,,,,,,
24304.jpg,'E290EX0127,,,,,,,,
24307.bmp,0317eyjeo,,,,,,,,
24321.jpg,P73TYI 25,,,,,,,,
24323.jpg,MGZOHY]Z,,,,,,,,
24338.jpg,IM73Zonn92,,,,,,,,
24347.jpg,[0953AA_,129,,,,,,,
2435.bmp,1267x35,,,,,,,,
24352.bmp,0248,YY,3S5,,,,,,
24373.bmp,BIIRYI4,,,,,,,,
24379.jpg,H638HA,724,RUS,,,,,,
2438.jpg,H74OPM,129,,,,,,,
24387.bmp,Ta.,,,,,,,,
2439.jpg,010 IHA,1197.,RUS,,,,,,
24399.jpg,C455KYG,RuS,,,,,,,
24402.jpg,MOd6E,PB98,8121024171,Rus,1(8121 376,,,,
24425.jpg,"""0527KP54",,,,,,,,
24430.bmp,"""HG2IBT]",29.,,,,,,,
24442.jpg,TAZS4AA,[121,RUS,,,,,,
24443.jpg,Y901c,M7,T,TOiOG,RUSI,,,,
24446.jpg,'XOLLCHPS,,,,,,,,
24456.jpg,F4547 XA %8,,,,,,,,
24458.jpg,780424,7154,B,,,,,,
24459.bmp,0n738,,,,,,,,
24474.jpg,XO69KE,51:,,,,,,,
2450.jpg,B603KB/45,,,,,,,,
24500.jpg,~OO7 yxlg],RUS,,,,,,,
24515.jpg,86Xt],"097,",C,,,,,,
24521.jpg,M7ZSMM,725,RUS:,,,,,,
24539.jpg,173ppl,1z2,CC,,,,,,
24540.jpg,E86,Zee],77152,,,,,,
24547.jpg,H423PR,77:,,,,,,,
24580.bmp,803ch 35,,,,,,,,
24582.jpg,B85 IKAt2,RUS,,,,,,,
24584.bmp,e041PA -,35,,,,,,,
24609.jpg,P763PPkz,RUSE,,,,,,,
24612.jpg,c526xhzz,,,,,,,,
2463.jpg,B46BEC 192,,,,,,,,
24637.jpg,A152KtE?,RUS,,,,,,,
24640.jpg,E961IM6e,,,,,,,,
24667.jpg,BZZOKL,799,,,,,,,
24688.jpg,,,,,,,,,
24689.jpg,X968KPE,150,RUSE,,,,,,
24695.jpg,YO92KI,69,US,,,,,,
24702.jpg,106YX,54,P,RUsI,,,,,
24716.jpg,'X462KCR2A,,,,,,,,
2472.jpg,Y2400c,662,PUSI,,,,,,
24721.jpg,[P528PP 64.,,,,,,,,
24723.jpg,Kz300c,4o,RUS,,,,,,
24726.jpg,AS8Xo],35,Ruse,,,,,,
24727.jpg,'AlEtcc,96,RUS,,,,,,
24742.jpg,L057136702,,,,,,,,
24746.jpg,EOO3YAL,125,Rus,,,,,,
24753.jpg,1888BHB6,8,RUSE,,,,,,
24759.jpg,Y7OPHKI5Q,,,,,,,,
24762.jpg,c1OOHE 194,,,,,,,,
24776.jpg,Y 679cx/66:,,,,,,,,
24785.jpg,[K782c0 72,,,,,,,,
24787.jpg,0GOOtB,25,RUSE,,,,,,
24797.bmp,Lan,,,,,,,,
24799.bmp,'B 3OQAXES,,,,,,,,
2480.jpg,Tzo0ypirs,RUSE,,,,,,,
24807.bmp,E3T1eo35,,,,,,,,
24822.jpg,0l47yI),77.,RUS;,,,,,,
24826.jpg,,,,,,,,,
2483.bmp,B30EPE,05,B,,,,,,
24848.jpg,X666hH/S,RUS,,,,,,,
24849.jpg,M55ScHZ,,,,,,,,
24854.bmp,1689EABS,Rus,,,,,,,
24860.jpg,"E723BE""",29,,,,,,,
24877.bmp,18716135],,,,,,,,
24919.bmp,(8512AT35,,,,,,,,
24920.jpg,TO35TIIZ,RUS,,,,,,,
24922.jpg,E225keze,RUSI,,,,,,,
24943.jpg,K825yc/199,,,,,,,,
24944.jpg,MZz1oh ',,,,,,,,
24945.jpg,rOQ,,,,,,,,
24956.bmp,A897 YxES,,,,,,,,
24965.bmp,47,,,,,,,,
24966.bmp,4090H5,,,,,,,,
24970.bmp,824606.,,,,,,,,
24993.jpg,903HA,B,3,,,,,,
25.bmp,[316x4351,,,,,,,,
25002.bmp,HH3S,18091,,,,,,,
25009.bmp,11880535],LA,,,,,,,
25026.jpg,1t624XIl,199,RUSE,,,,,,
25030.jpg,X99oxXI,,,,,,,,
25048.jpg,XBZOCKBZ,,,,,,,,
25055.jpg,K836Hx/190,,,,,,,,
25068.jpg,B777cyl9,RUS,,,,,,,
2507.jpg,P 376E0.96,7 :,,,,,,,
25074.jpg,200TMu6,T,RUS,,,,,,
25079.bmp,KZZOMPEG,RUS,,,,,,,
2508.bmp,Zi,8,,,,,,,
25087.bmp,Is86hy,35,,,,,,,
25088.jpg,A297AAFE,RUSE,,,,,,,
2509.bmp,Le005cke,,,,,,,,
25105.bmp,Ft,3,,,,,,,
25108.bmp,"""B001yy 35.",,,,,,,,
25116.bmp,E889EE777,,,,,,,,
25127.jpg,X050oo1oq,RUSE,,,,,,,
25143.jpg,KoO1oy 32,,,,,,,,
25160.jpg,Y 345cc]2,,,,,,,,
25179.bmp,IX 35,"""c396",,,,,,,
25188.jpg,K173AP 9,,,,,,,,
2520.jpg,To92ty,78,RUS,,,,,,
25202.jpg,H42OKK T16,,,,,,,,
25216.jpg,M51700/70,Rus,,,,,,,
2522.jpg,'M777EC,71,RUS,,,,,,
25234.jpg,AOO34e 17e,,,,,,,,
25252.bmp,,,,,,,,,
25259.jpg,0888XX,96,RUS,,,,,,
25260.jpg,4772yI29,,,,,,,,
25262.jpg,M941HX/7?,,,,,,,,
25274.jpg,P030EEI4,,,,,,,,
25275.bmp,'B6260535,,,,,,,,
2529.bmp,IcQ70BP35,,,,,,,,
25290.jpg,X025xc 54,AU$,,,,,,,
25296.jpg,c 109MP9O,,,,,,,,
25299.jpg,PE BEMv,RUs,,,,,,,
25314.bmp,41527X4B5,,,,,,,,
25318.bmp,T646XPES,RuSI,,,,,,,
2532.jpg,E5OOEE24,,,,,,,,
25331.jpg,352YH54,0,,,,,,,
25359.jpg,IHHngo,012,RUS,,,,,,
25364.bmp,[B36OAY],k5.,Rus=,,,,,,
25366.bmp,'B092MB 35],,,,,,,,
25373.bmp,VZS1AIEE,,,,,,,,
25381.jpg,(003400601,,,,,,,,
25386.jpg,y984y054,,,,,,,,
25387.jpg,'0888EM4.125,,,,,,,,
25392.bmp,eldeyrs,,,,,,,,
25397.jpg,M568PE86,RUS,,,,,,,
2540.bmp,[O1ziab,,,,,,,,
25416.jpg,06320059,,,,,,,,
25430.bmp,"""T20180351",,,,,,,,
25434.jpg,Modley %,,,,,,,,
2544.jpg,M715cX?,27,iRus,,,,,,
25441.bmp,Ly 73Spe78,,,,,,,,
25446.jpg,KOP9kK,,,,,,,,
25450.jpg,YZOOHM,69,RiS,,,,,,
25468.bmp,LB 4614,,,,,,,,
25469.jpg,,,,,,,,,
25478.jpg,982516,,,,,,,,
25479.bmp,L48oLies,,,,,,,,
2548.jpg,Q,,,,,,,,
25485.jpg,1kIszoxf,198,Ruse,,,,,,
25496.bmp,Jlt,,,,,,,,
25499.jpg,B270AX,35,RUSL,,,,,,
255.jpg,"654vK12,",,,,,,,,
2550.jpg,II25,046-,T,,,,,,
2551.jpg,M12tB,694,RUS,,,,,,
25531.jpg,FTBS8A1,G,,,,,,,
25547.jpg,K2ooxA72,,,,,,,,
25549.jpg,,,,,,,,,
2555.bmp,1833BE,55,RUS,,,,,,
25576.jpg,"""K904MH69",,,,,,,,
25607.jpg,'MT 174,'k77,RUS,,,,,,
2561.jpg,Seii,,,,,,,,
25617.jpg,C252K1153,,,,,,,,
25624.bmp,[0645cK85,,,,,,,,
2567.jpg,8,,,,,,,,
2580.jpg,x 787xxl46-,RUSL,,,,,,,
2591.bmp,FT45501,,,,,,,,
2605.jpg,(HAZZMME,37,Rust,,,,,,
2611.jpg,K279MY,96,?use,,,,,,
2625.bmp,Y284y,,,,,,,,
2641.bmp,14914a5e,,,,,,,,
2658.jpg,7868YP 86,,,,,,,,
2667.jpg,"5962uX """,,,,,,,,
2669.jpg,M1180025,,,,,,,,
268.bmp,45361385],,,,,,,,
2704.jpg,y777 0x62,RUSI,,,,,,,
2705.jpg,04O4KM,64,,,,,,,
2710.bmp,,,,,,,,,
2724.jpg,787HHE,170,-0,,,,,,
2758.bmp,To5801,,,,,,,,
2760.jpg,R275CE,64,,,,,,,
2772.jpg,(AOOSty 1ze,,,,,,,,
2776.jpg,Lyoee,,,,,,,,
2785.bmp,09728585,,,,,,,,
2786.jpg,'Mo33a8,,,,,,,,
279.jpg,c840BE/197.,Ri,,,,,,,
2793.jpg,988,,,,,,,,
2797.jpg,*y 811CK,122,,,,,,,
2799.jpg,B 366YM,64,Rus,,,,,,
2805.jpg,6777,MH,[02,RUSE,,,,,
281.jpg,P543yA,759,,,,,,,
2834.jpg,M6Z8MP],37,RUs,Gudumm,,,,,
2866.jpg,H284vyE4,,,,,,,,
2881.bmp,Y6 12Ev0,,,,,,,,
2882.bmp,Gi,,,,,,,,
2883.bmp,'8961c0 E,,,,,,,,
2890.jpg,A931CBl86,,,,,,,,
2893.jpg,Rc 55SHE E,86,,,,,,,
290.bmp,Ho8skvBL,,,,,,,,
2900.jpg,772,T0,B,0y,,,,,
2903.jpg,'B1980H,14,,,,,,,
2907.jpg,M003KPiz,RUS,,,,,,,
2908.jpg,8721cc52,,,,,,,,
2911.jpg,B917B8 98,,,,,,,,
2912.jpg,K57Zkt/197,,,,,,,,
2920.jpg,'A349IX 98,,,,,,,,
293.jpg,X746THISZ,,,,,,,,
2940.jpg,Y 722IIE4,RUSI,,,,,,,
2944.jpg,E,,,,,,,,
2946.jpg,IAlZZ1o,102,RUST,,,,,,
2971.bmp,[8 2KY,,,,,,,,
2977.bmp,c6680485,,,,,,,,
3005.bmp,[B99 1E0/35],,,,,,,,
3009.jpg,T157M0102,,,,,,,,
301.bmp,'B 7698k5,,,,,,,,
3010.jpg,Y396yy 64,,,,,,,,
3035.jpg,BB307cR24,,,,,,,,
3061.bmp,998Xh3s,,,,,,,,
3069.jpg,ET1GMY 54,,,,,,,,
3082.jpg,00451176,,,,,,,,
3085.jpg,Il2OkIlZ,1161,,,,,,,
3100.bmp,D4sg,,,,,,,,
3106.jpg,TZZ7XP199,,,,,,,,
3142.jpg,"""MO36Ay58",RUSE,,,,,,,
3151.jpg,600691I,,,,,,,,
3180.jpg,1030x T3,E,,,,,,,
3190.bmp,E4044439,,,,,,,,
321.jpg,B258B1,125,,,,,,,
3225.bmp,Dca,,,,,,,,
323.jpg,1056,TI,RUSE,,,,,,
3242.bmp,57444y085,,,,,,,,
3243.jpg,Y125AHIS,,,,,,,,
3250.jpg,8671c91,,,,,,,,
3259.jpg,H58 104,52,"RU s,",,,,,,
3260.jpg,ElEet,,,,,,,,
3271.jpg,MOSOHM164,RUSE,,,,,,,
3275.jpg,K843KH]2,,,,,,,,
3276.jpg,05400/,72,RUSi,,,,,,
3290.jpg,249 XXnz,,,,,,,,
3295.jpg,,,,,,,,,
3297.jpg,[K039P12,,,,,,,,
3315.bmp,184XE1R8,A,RUS,,,,,,
3317.bmp,NSSkI,,,,,,,,
3320.jpg,'HOG lyel,129,,,,,,,
333.jpg,B3 1OMH/97,RUS,,,,,,,
3332.bmp,593xc,35,T,RUS,,,,,
3344.jpg,286cc],12,',,,,,,
3356.jpg,X905CBle6,Rus,,,,,,,
3361.jpg,K242PY64,,,,,,,,
3371.bmp,HAEat,,,,,,,,
3372.bmp,Iy812EY],"135,",,,,,,,
3384.jpg,K671ckh92,Rusi,,,,,,,
340.bmp,N283AIL,35,RUSe,,,,,,
3407.jpg,H225HA,72,,,,,,,
341.bmp,1627x435],,,,,,,,
3412.jpg,A49OMY/69,,,,,,,,
3422.jpg,'M292CBkS,,,,,,,,
3424.jpg,Y83 IHMKIL,,,,,,,,
3433.jpg,X364xX/450,RIS,,,,,,,
3444.jpg,KI1Bch9Z,RUSE,,,,,,,
3449.bmp,4440*o 28,,,,,,,,
3480.bmp,c520vh35],,,,,,,,
3493.bmp,12 0835,,,,,,,,
3495.jpg,I4IZMPEZ,,,,,,,,
3496.jpg,H543KPL,[197.,RUST,,,,,,
350.jpg,[K873MMF2,,,,,,,,
3511.jpg,208L7?,,,,,,,,
3515.jpg,X943CM2S:,,,,,,,,
3521.jpg,[0Z50xB1192,RUSL,Eneennn,,,,,,
353.jpg,319 CBI64,P,RUSE,,,,,,
3534.bmp,1a,,,,,,,,
3538.bmp,"613768,35",,,,,,,,
3540.jpg,'0B26ek 2,,,,,,,,
3552.bmp,[4799Ke,,,,,,,,
3562.jpg,TG12ABF,123,,,,,,,
3571.jpg,958HH 76,,,,,,,,
3573.jpg,A0GOTM2Z,RUST,,,,,,,
3578.jpg,"""M6G3PA26",,,,,,,,
3593.jpg,Bxc 9,,,,,,,,
3598.jpg,K33ZAA,19Q,,,,,,,
3617.bmp,2990E/35,,,,,,,,
3635.jpg,K597 oy 10,,,,,,,,
3647.jpg,1B717BY_,152:,Pus,,,,,,
3665.jpg,'Ezozccl9e,,,,,,,,
3666.bmp,'t230Hv,3,,,,,,,
3685.jpg,WQQay 58,RUSE,,,,,,,
3696.jpg,MZOOPX 86,,,,,,,,
3697.bmp,7A652PX95,,,,,,,,
3698.bmp,1163e8',,,,,,,,
3719.jpg,Y657,YPI,102,RULL,,,,,
3724.bmp,OUill,,,,,,,,
3726.bmp,215e9,,,,,,,,
3733.bmp,"""8330PP %9",,,,,,,,
3749.jpg,'A684HK/ 154,,,,,,,,
3751.jpg,E,,,,,,,,
3754.bmp,B746PP,354,,,,,,,
3763.jpg,Le515,Tol2o.,RUSE,,,,,,
3769.bmp,679196x15,,,,,,,,
3775.jpg,A207mX/192,RUSE,,,,,,,
3784.jpg,42TB,BA,3L,,,,,,
3797.bmp,FOTTA,,,,,,,,
382.bmp,A83 IMM125,RUS,,,,,,,
3833.jpg,'H999BM124,RUS,,,,,,,
3839.jpg,00250H25,,,,,,,,
3847.jpg,'H4GGHAF8,RUSI,,,,,,,
3857.jpg,435XE64,Y,,,,,,,
3861.bmp,DSBEUE,,,,,,,,
3865.bmp,"""E55102",,,,,,,,
3873.jpg,X527CB],66,RUSI,,,,,,
3881.jpg,4606 TMTE,,,,,,,,
3903.jpg,MZ99MY 199,,,,,,,,
3906.jpg,H36 1kk,763,(951 7558811,Bepwodra,Lektp,RUS,AVAM,,
391.bmp,325Hc 35,B,,,,,,,
3916.jpg,947MA 35,B,,,,,,,
3920.bmp,2634,,,,,,,,
3943.jpg,585By,54,20,RUS,,,,,
396.jpg,(c756AK53,,,,,,,,
3968.bmp,989cc 35,,,,,,,,
4000.jpg,'E8O4HM,364,RUS,,,,,,
4003.bmp,06xy F,,,,,,,,
4004.jpg,Icr98ceS,99,,,,,,,
4005.jpg,YZI4EP 199,RUS,,,,,,,
4038.bmp,izyx],1b5},8,,,,,,
4040.jpg,'M74oP 44,,,,,,,,
406.bmp,[120Ec,35,C,,,,,,
4102.jpg,,,,,,,,,
4105.jpg,K5T9YXnI,RUS,,,,,,,
4114.jpg,Y995Hc9B,,,,,,,,
4117.jpg,"4208 - , 52",,,,,,,,
4126.jpg,e56 1ET/152,,,,,,,,
4127.jpg,PPMIPP 29,,,,,,,,
4129.jpg,(0766co,,,,,,,,
4147.jpg,[HGOOMKI,In9,,,,,,,
4174.jpg,M95xMEy,,,,,,,,
4175.jpg,42151M:,,,,,,,,
4183.jpg,'M256PP 98,,,,,,,,
4194.jpg,'BOO IBK/192,,,,,,,,
4198.bmp,R,862,,,,,,,
4204.bmp,6734/11,,,,,,,,
4214.jpg,PE355PMEG,,,,,,,,
4219.jpg,4282,CBEZ,B,RUSE,,,,,
4233.jpg,K747mx/96:,,,,,,,,
4249.jpg,(M769KHL,S0_,RUSE,,,,,,
4251.jpg,Y 489XT,61,IRUS,,,,,,
4254.bmp,'106 EPI6Z,,,,,,,,
426.jpg,{ooooko,52,,,,,,,
427.bmp,'4507Pk95;,,,,,,,,
4276.jpg,7882TE/192,Ruse,,,,,,,
4291.jpg,483o011,'0,RUS,,,,,,
4292.jpg,'A4O5xHIZZ,RusE,,,,,,,
4293.bmp,,,,,,,,,
4297.jpg,KLBEOL],,,,,,,,
4307.bmp,8085AC,35,,,,,,,
4317.jpg,Y32SMP 199,RUS,,,,,,,
4331.jpg,[81k072,,,,,,,,
4342.jpg,E022,,,,,,,,
4349.bmp,436XM35,B,,,,,,,
4350.jpg,P582HP/74,RUS,,,,,,,
4353.jpg,059H0],FA,,,,,,,
4354.bmp,T807-,XPI35,,,,,,,
4355.jpg,MEIckn1,,,,,,,,
4366.jpg,I138B0/197,RUS,,,,,,,
4368.jpg,001tk2y,Rus,,,,,,,
4369.bmp,,,,,,,,,
4370.bmp,[B 995p9851,,,,,,,,
4381.jpg,HB9LEXT9],,,,,,,,
4392.bmp,,,,,,,,,
4398.jpg,Y463Y034,,,,,,,,
4401.jpg,E620XE/72,,,,,,,,
4426.jpg,tec,,,,,,,,
4427.jpg,18283,,,,,,,,
4438.jpg,E825AM,7152,RUSE,,,,,,
444.jpg,P23Otoh2,,,,,,,,
4448.bmp,{DESpe 35,,,,,,,,
4454.bmp,[566,IC 35,,,,,,,
4455.jpg,M628ykl1o2],,,,,,,,
446.bmp,,,,,,,,,
4462.jpg,"P2890y/54,",,,,,,,,
4477.jpg,H97AyMi,1116,RUSE,,,,,,
4514.jpg,'A733HK/152,RUSI,,,,,,,
4522.jpg,H232HH790,,,,,,,,
4529.jpg,[K298041,,,,,,,,
4548.jpg,#P835cX,54,RuS,,,,,,
4549.bmp,,,,,,,,,
4552.jpg,P 56xx/199,RUSE,,,,,,,
4553.jpg,P 308 BKl8?,RUSI,,,,,,,
4554.jpg,E689KA12,RUSL,,,,,,,
456.jpg,HSZCH,54,RUS,,,,,,
4561.jpg,1096hy 22,,,,,,,,
4568.bmp,B482XK35,,,,,,,,
4587.jpg,B596yy/102,RUS,,,,,,,
4591.jpg,90,,,,,,,,
4593.jpg,'YoT1yx4,,,,,,,,
4612.jpg,P0 7061c2,,,,,,,,
4620.jpg,C221,,,,,,,,
4624.jpg,T138YE 86,,,,,,,,
4625.jpg,E244xy/199],,,,,,,,
4633.jpg,E28-OAry],RUS,,,,,,,
4653.jpg,{OOZHcF2,,,,,,,,
4657.bmp,,,,,,,,,
4658.jpg,H173HH/9Q,"""RUS",,,,,,,
4679.jpg,R1HA,,,,,,,,
4685.jpg,B379E0,55.,RUSe,,,,,,
470.bmp,(e097AM9,,,,,,,,
4708.jpg,K77TyP 32,,,,,,,,
471.bmp,@BOdve 85],,,,,,,,
4740.bmp,0048CA,38,RUS,,,,,,
4746.bmp,968cy%,3,,,,,,,
4755.jpg,'MOO9BK/63.,,,,,,,,
4760.jpg,c894YM2',,,,,,,,
4762.bmp,4u,,,,,,,,
4769.jpg,807o8k116,,,,,,,,
4778.bmp,W46smv,,,,,,,,
478.bmp,5187> 35,,,,,,,,
4783.bmp,12Z5XcF5,RuS,,,,,,,
4788.jpg,Lh764cx,55,RUSE,,,,,,
4800.jpg,E652EK69,,,,,,,,
4818.bmp,357AMP 35,,,,,,,,
4826.bmp,697Eae5,,,,,,,,
4827.bmp,788404,,,,,,,,
4831.jpg,K931xo,54,R,,,,,,
4833.bmp,1998,CB,35.,RUSSAA,RUSE,,,,
4841.jpg,1086M0.,199,A,,,,,,
4868.jpg,'H3O3MO,69,RUS,,,,,,
4881.jpg,IK978Po,72,RUSE,,,,,,
4887.jpg,[B8O4TAF,172,,,,,,,
49.bmp,9304,3,B,,,,,,
4901.bmp,,,,,,,,,
4905.bmp,D40EKA5,,,,,,,,
4906.jpg,(M9OOEBI197.,,,,,,,,
4913.jpg,MZ8OMHEO,RUs,,,,,,,
4921.bmp,,,,,,,,,
4923.jpg,B245YB64,,,,,,,,
4945.jpg,,,,,,,,,
4948.bmp,FoToo,3L,,,,,,,
4960.jpg,B4448X',190,,,,,,,
4962.bmp,[7880[,35,,,,,,,
4973.bmp,oxeg,B3Z,,,,,,,
4974.jpg,T914BA,47,RuS,,,,,,
5003.jpg,c318xa,RUSSIA,IRuS,,,,,,
5019.bmp,,,,,,,,,
5028.jpg,Em7e,599,,,,,,,
5039.jpg,lo^12yY,177,Rus,,,,,,
5043.jpg,K987 KT,98,RUSE,,,,,,
5046.jpg,"""8 8984y6",,,,,,,,
5048.jpg,X19IAA99,RUS,,,,,,,
5049.bmp,793YpES ],,,,,,,,
5052.jpg,432AK,63,P,,,,,,
507.bmp,79180],15,B,,,,,,
5101.bmp,FTBP,,,,,,,,
5121.jpg,P 738xtl4,RUS,,,,,,,
5129.jpg,"""03550E",69,,,,,,,
5144.jpg,'YGOOKH,790,ABTOQPATA,(4952788-68-68,RUSE,,,,
5146.bmp,a570p,,,,,,,,
5174.jpg,N/A,,,,,,,,
5175.jpg,M19ZPX,86,Rus,,,,,,
5181.jpg,,,,,,,,,
5213.bmp,'A691ic35,,,,,,,,
522.jpg,A 996 iE125,Qus,,,,,,,
5239.jpg,A282AP,152,EHyunqal,RUSE,000 02,,,,
5240.jpg,"""09771K96",,,,,,,,
5254.jpg,B888A065,,,,,,,,
5258.bmp,XTSOXXES,RuS,,,,,,,
5260.jpg,C656XM199,EUS,,,,,,,
5261.bmp,E592 AMZS,,,,,,,,
5265.jpg,Y782cch72,KU,,,,,,,
5277.bmp,"[767Py 35,",,,,,,,,
529.jpg,[8772x082,,,,,,,,
5294.jpg,At,4E5,,,,,,,
5296.jpg,#633YBI,98,Rust,,,,,,
5302.jpg,0777oT/77,76>ee,Rus,erdt,(0bd,20 30,797,Kan,
5309.bmp,102005,,,,,,,,
5322.jpg,(K736AHE,39,,,,,,,
5350.jpg,B903E865_:,RUSI,,,,,,,
5353.jpg,A622YA9O,,,,,,,,
5369.bmp,"06 6pe, 35",,,,,,,,
5371.jpg,MOOIPBB6:,,,,,,,,
5379.jpg,2591,Jhebs,B,,,,,,
5382.jpg,H113yxl6z,RUS,,,,,,,
5394.jpg,B89SBP/152,M,,,,,,,
5407.jpg,'HT19HHBe:,,,,,,,,
542.jpg,"""4068HHEZ .",,,,,,,,
5430.jpg,Y732BH,894,RUs,,,,,,
5444.jpg,c578E1/,66,RUSE,,,,,,
5464.bmp,T247A1777,RUS,,,,,,,
5468.jpg,E048y8 125,,,,,,,,
5495.jpg,cOOITB/177,R ( â‚¬,,,,,,,
550.jpg,E3O81Y],86,RUSE,,,,,,
5507.jpg,A024kh5 ,,,,,,,,
5514.jpg,Y031Ic54,RJs,,,,,,,
5518.jpg,Tkvpz,,,,,,,,
5535.jpg,'K962CT,32,RUS,,,,,,
5536.jpg,,,,,,,,,
5544.bmp,FY98GAB,35,,,,,,,
5556.jpg,PAG1OAE199,,,,,,,,
5557.jpg,K70S40 763,,,,,,,,
557.jpg,A3600015,,,,,,,,
5570.bmp,M1LIee,135,,,,,,,
5577.jpg,XSGOEM,66,RUSE,,,,,,
5584.jpg,eX T50Ee174,,,,,,,,
5591.jpg,0 40300/71,,,,,,,,
5603.bmp,[e480BT ,651,,,,,,,
5606.jpg,Y887Ac56,,,,,,,,
5629.jpg,P5OZPA,54,RUs,,,,,,
5630.jpg,P 064cy 64,,,,,,,,
5631.jpg,"AB60BE/190,","RU""",,,,,,,
5656.bmp,T378YY:,,,,,,,,
5661.jpg,E2Kk,1821,,,,,,,
5664.jpg,"""H998ECFEZ",,,,,,,,
5668.bmp,Kl40wo2,,,,,,,,
5669.jpg,p83800 8,,,,,,,,
5691.jpg,cO59cc,97,RUSL,"[4991730""",'n,,,,
5719.jpg,O44MM 32,7o,,,,,,,
5723.bmp,993yy,B,,,,,,,
573.bmp,2--3r E,,,,,,,,
5744.jpg,PM 149YXE,12z,aa,,,,,,
5745.jpg,[BSOZ1o9,,,,,,,,
5749.jpg,IH8OOk01e],,,,,,,,
5757.bmp,,,,,,,,,
5777.jpg,2 ISSkD -,,,,,,,,
5783.jpg,303MP,54,0,#us,,,,,
579.jpg,895ko,42,A,RUS,,,,,
5796.jpg,Lh998XX,,,,,,,,
5801.jpg,X999HERZ,RIUS,,,,,,,
5813.jpg,X9891E6Y,,,,,,,,
5815.bmp,48780085,,,,,,,,
5848.bmp,Fc 68800,,,,,,,,
5849.jpg,E210847197,RUSE,,,,,,,
5873.jpg,"""M333KAFZ",RUSE,,,,,,,
5874.jpg,A977xM,1178,RUSI,RHNAULI,,,,,
5876.jpg,'X297HE69,,,,,,,,
5879.jpg,A766X8135,,,,,,,,
5883.jpg,.0421E54,PUs,,,,,,,
5886.jpg,IOO6cB,777,,,,,,,
5887.jpg,H588 Y B,54,RUS,,,,,,
5888.jpg,Dc,,,,,,,,
5927.jpg,((e 2,,,,,,,,
5943.jpg,MZZAIX,98,,,,,,,
598.jpg,POOZPKI92,RUSF,7705 uU,Itntoli,,,,,
6005.bmp,c4hhss],,,,,,,,
6018.jpg,H83 10A/19Q],,,,,,,,
602.jpg,Pboon,,,,,,,,
6027.jpg,F51KA,97,'Y,RUS ,,,,,
6036.bmp,P3sSPP 90,,,,,,,,
6037.bmp,"E397 AAJS,",,,,,,,,
6042.jpg,M644px,86 .,,,,,,,
6052.bmp,yXBs,B 190,,,,,,,
6063.jpg,1591u101,,,,,,,,
6066.jpg,E849YM32,,,,,,,,
6085.jpg,X822PP,54,RUs,,,,,,
609.jpg,Fsja ,TplZ,08,,,,,,
6094.jpg,'H977oc],114,RuSE,,,,,,
6103.jpg,A7GGAB],24,,,,,,,
6112.jpg,K070Pp 64,,,,,,,,
6119.jpg,P04otk31,,,,,,,,
6121.jpg,(4999BYI,48,,,,,,,
6135.bmp,co50oo,33,,,,,,,
6139.jpg,A087cxkz,,,,,,,,
6147.jpg,"""P42SBc]",099,Rus,,,,,,
6148.bmp,[B4720039,,,,,,,,
6150.jpg,Z2OMTI,540,RUS,,,,,,
6153.jpg,1938TT],39,RUSI,,,,,,
6158.jpg,1723YE,86,RUS,,,,,,
6182.jpg,c951017,62,RUS,,,,,,
6184.jpg,044Stp 163],,,,,,,,
6193.jpg,Iclllcy,47,Rus,,,,,,
6194.bmp,1248AC,05,"""Be_",RuS,,,,,
6196.bmp,A001AAn7z:,,,,,,,,
62.jpg,'800o0,X,,,,,,,
6209.jpg,E9OOPX178,,,,,,,,
6246.jpg,'E833AAiZ,,,,,,,,
625.jpg,'A94bMp',750,Rus,,,,,,
6251.jpg,H8761B798,RuS,,,,,,,
6253.jpg,03L7ME 54,,,,,,,,
6254.jpg,M6OZYB16,Rus,,,,,,,
6263.jpg,"""8999881258",Ruse,,,,,,,
6266.bmp,[466300 35 ,,,,,,,,
6268.jpg,"(800 1ec 85,",,,,,,,,
6280.jpg,TOO2EPI1,RUSE,,,,,,,
63.bmp,n,,,,,,,,
6303.jpg,H837EP 125,,,,,,,,
6304.bmp,Wda,,,,,,,,
6319.jpg,eK 892XMEZ,RUS,,,,,,,
632.bmp,'M483xX177,,,,,,,,
633.bmp,,,,,,,,,
6330.jpg,KK267PoE,F1021,RUSE,,,,,,
6349.bmp,[8102 EYEEE,,,,,,,,
6351.jpg,0555Ym5L,,,,,,,,
6355.jpg,'8648CME,1116,,,,,,,
6370.jpg,B6390H154,,,,,,,,
6380.bmp,"""E309AA 35",,,,,,,,
6404.bmp,B42BPB,351,,,,,,,
6409.jpg,A053yy/178,,,,,,,,
6426.bmp,B236_,TPI,35,IRus,,,,,
6434.jpg,B221TA,96,RUS,,,,,,
6441.jpg,X57Zton9g,Pusi,,,,,,,
6461.bmp,6182KC55,,,,,,,,
6468.jpg,Ic103ME792,Rus,,,,,,,
647.jpg,ELZ8BM,1778,RUSE,,,,,,
6478.jpg,025cC,36,E,RUS,,,,,
6483.jpg,[T999 AYIZ,,,,,,,,
6488.jpg,EZOOMP/t99,RUSE,,,,,,,
649.jpg,C496 YB,54,RUS,,,,,,
6503.jpg,Tc 54;,16,,,,,,,
6512.jpg,'A999ytn5],,,,,,,,
6534.jpg,A699ME192],,,,,,,,
6547.jpg,0z01il,[02,RUS,,,,,,
6553.jpg,484MEL,35,B,RUS,,,,,
6555.bmp,"""88964035",,,,,,,,
656.jpg,X577EAE4,RUS,,,,,,,
6564.jpg,EZIMTI,1Z,Rus,,,,,,
6569.jpg,M6Z9MM,[420,RUS,,,,,,
6573.bmp,ASOEokES,,,,,,,,
6594.bmp,,,,,,,,,
6615.jpg,TKJses,055-,GA,,,,,,
6626.jpg,H986CP163,RUSE,,,,,,,
6634.jpg,H336EB24,,,,,,,,
6646.bmp,3,Fo2,,,,,,,
6652.jpg,P 103cp 51,,,,,,,,
6675.jpg,Y0020y 63,,,,,,,,
6682.bmp,Nloded,,,,,,,,
6687.bmp,F129ph,,,,,,,,
6703.jpg,B666yM12,RUSE,,,,,,,
6715.bmp,05881,Kk35.,,,,,,,
6718.jpg,EK082KB,52,RUs,,,,,,
6728.bmp,[Bl46cXEs],,,,,,,,
6730.jpg,L82Zcc (,107 .,,,,,,,
6738.jpg,c303KM/9Z,RuS,,,,,,,
6744.jpg,FA342002],,,,,,,,
6759.jpg,X878Ay RI,RUS,,,,,,,
6762.bmp,SLLoo,35,,,,,,,
677.jpg,Y497 T0j861,LE0,RUSE,,,,,,
6776.jpg,9 44M25,"""C",,,,,,,
6796.bmp,,,,,,,,,
681.jpg,'E777hH,71,IRUSE,,,,,,
6815.bmp,E3598*J5,,,,,,,,
6829.jpg,"""c5361yb7",,,,,,,,
6846.jpg,"""E241PA 54",,,,,,,,
685.bmp,l799By 35,,,,,,,,
6854.bmp,E1b,Y435,,,,,,,
6878.jpg,x8884c/154,,,,,,,,
688.bmp,,,,,,,,,
6897.bmp,552PARS,B,RUS,,,,,,
6907.jpg,'KS0don0},,,,,,,,
693.jpg,P947oB/69,,,,,,,,
6933.jpg,E90QEE 152,,,,,,,,
6941.jpg,HZZOHHI99,,,,,,,,
6943.jpg,'0341HB/174,,,,,,,,
6959.bmp,899,Kol35,RuS ,3,,,,,
6965.jpg,B6582289,,,,,,,,
6970.bmp,"""98990k/15",,,,,,,,
6988.bmp,"""BB50HB 35",,,,,,,,
6990.jpg,0353e055,,,,,,,,
6996.jpg,X965xX,42,,,,,,,
70.jpg,"""0Z17PR",98.,RUSL,,,,,,
7007.jpg,T974TB154,,,,,,,,
7012.jpg,EEE3u ,192,,,,,,,
7015.bmp,LE,3,,,,,,,
7016.bmp,4 550yc 35,,,,,,,,
7020.bmp,8B2054,,,,,,,,
7022.jpg,M856,cx],70,JanttmartT,Rust,,,,
7038.bmp,B413PC 35,,,,,,,,
7053.jpg,1790ph54,,,,,,,,
7070.jpg,ToleI,152.,Fus,,,,,,
7074.jpg,"""0. 162.0055:",,,,,,,,
7077.jpg,'0004co1z,?JS,,,,,,,
7081.jpg,Jt,,,,,,,,
7083.bmp,'P632cp 35,,,,,,,,
7095.bmp,41552101,,,,,,,,
71.jpg,M4SZMM,40,Irus,,,,,,
7103.bmp,E818xv,,,,,,,,
7115.jpg,M0g9om'0,,,,,,,,
7122.jpg,9171kk7716,"H""",,,,,,,
7123.bmp,413ox35,,,,,,,,
7126.jpg,"""0772TH/750:",4ioLErTOroo,RUSE,,,,,,
7142.jpg,KO20PA,59],RUS,,,,,,
7144.bmp,T742t435,,,,,,,,
7148.jpg,88OMB},35,B,RUS,,,,,
7160.jpg,PEE,B529,,,,,,,
7162.jpg,y3372882,,,,,,,,
7165.jpg,F0774,Ty,424,RUS,,,,,
7170.bmp,318,BA,35,E,,,,,
7188.jpg,'E666MMI16,,,,,,,,
7194.bmp,H02c935,~8,,,,,,,
72.jpg,TIIBXI99,,,,,,,,
7200.bmp,B07 4e5',,,,,,,,
7205.jpg,c876cc71,,,,,,,,
7206.bmp,Ghlxd,15,,,,,,,
721.bmp,71B4EG,Y,,,,,,,
7210.jpg,326KE85,[03,B,,,,,,
7224.bmp,4}5,,,,,,,,
723.jpg,Ttchh,,,,,,,,
7235.jpg,HOOZKPE,RuS,,,,,,,
7259.jpg,X221MEBE,RUSE,,,,,,,
7261.bmp,74515XX 35,,,,,,,,
7262.jpg,6046 18P 125,,,,,,,,
7264.jpg,YAPS:,X838,,,,,,,
7265.bmp,xooTc? 33,,,,,,,,
7267.jpg,E23504 178,,,,,,,,
7272.jpg,(c643cY 70,,,,,,,,
7282.bmp,2349ok 35,,,,,,,,
7286.bmp,1890E,BM,'B,,,,,,
7289.jpg,cossucnny,,,,,,,,
729.bmp,T596EP135,,,,,,,,
7292.jpg,,,,,,,,,
7293.bmp,T769TK],B55,Rta,,,,,,
7300.jpg,Jeszo,HE 78,Rls,,,,,,
7313.bmp,B4lyy,35,TEPBMC,RUSE,54.30-30,7e172),,,
7337.jpg,Ec200 AM/96 ],,,,,,,,
7338.jpg,A393A461,,,,,,,,
736.jpg,M43ZCPEE7,,,,,,,,
7361.jpg,JJBUMB 98,,,,,,,,
7369.jpg,9803112,,,,,,,,
7372.bmp,'T515x3,,,,,,,,
7375.jpg,YMOO3opL,cramol,0177.,,,,,,
7385.jpg,Moobeel,1197,,,,,,,
7390.jpg,T617ExL,03,IRuse,,,,,,
7397.bmp,B 901MB 35,,,,,,,,
7413.jpg,X2O5kX,54,RUS,,,,,,
7415.jpg,B3OOABI2Y,,,,,,,,
7430.jpg,E222PHKY,,,,,,,,
7431.jpg,M6ZEK,T4,RUSE,,,,,,
7446.jpg,BSOOCB450,RUS,,,,,,,
7457.bmp,[728xh,75,,,,,,,
7465.jpg,B073o0,25,RUs,,,,,,
7466.jpg,loddloo87!,,,,,,,,
7498.jpg,X221kB7492,,,,,,,,
7550.jpg,M5SSPB 64,,,,,,,,
7565.jpg,(A828AN,n23,RUS,,,,,,
7586.jpg,0O06Mc)E],RUSI,,,,,,,
7593.jpg,0896o010,,,,,,,,
7606.jpg,"RZOOEP""",19(,Rus,,,,,,
761.jpg,4668 TEle,,,,,,,,
7611.bmp,B 3260K135],,,,,,,,
7616.jpg,PSOOkY,64,RUSE,,,,,,
7622.jpg,M098 HE86,RUS,,,,,,,
7625.jpg,B407 T0pT,,,,,,,,
7635.jpg,E699cX46:,,,,,,,,
7641.bmp,"""Ao",,,,,,,,
7646.jpg,Fk73JeR9,,,,,,,,
7649.jpg,AUUEOKKs,RUSE,,,,,,,
7670.jpg,M3564K46,,,,,,,,
7671.bmp,I4X,TA,,,,,,,
7701.bmp,bohik,733,,,,,,,
7704.jpg,,,,,,,,,
7713.jpg,1504B4,,,,,,,,
7717.jpg,4,,,,,,,,
772.jpg,H754PXIS4;),,,,,,,,
7721.jpg,K335EH,32,RUS,,,,,,
7732.jpg,'C929Mch9z,,,,,,,,
7739.jpg,M913Ec],71901,Amtouomtd,Der,RUSI,,,,
7747.jpg,'E22=,IKE,[152,,,,,,
7757.bmp,180521',,,,,,,,
7772.jpg,,,,,,,,,
7785.jpg,B830koL,197,,,,,,,
7798.jpg,'E421EEF,70.,IRus,,,,,,
78.jpg,820X429,'B,,,,,,,
7811.bmp,"roso9ok, 35",,,,,,,,
7817.bmp,L5759755,,,,,,,,
787.jpg,A8o8xtE,14,RUS;,,,,,,
7878.bmp,Fdeys,,,,,,,,
7880.jpg,'MO9QPE,86,RUS,,,,,,
7884.jpg,T972kh,718,RUSI,,,,,,
7893.jpg,[46ez44,,,,,,,,
7894.jpg,65SSye 7,,,,,,,,
7896.jpg,PZZZAP 64,,,,,,,,
7901.jpg,T99OTI],86,DED,HQOOc,Ruse,,,,
7907.jpg,Ex157kHE75,,,,,,,,
7929.bmp,136cB,35,,,,,,,
7937.bmp,@Jssebe,"55,",,,,,,,
7938.bmp,,,,,,,,,
7947.jpg,'M866kkL,1192,Bopucxoo,Rus,,,,,
7954.jpg,MSZ0KE,,,,,,,,
797.bmp,'1508P8,,,,,,,,
798.jpg,VOLZHI ,67,,,,,,,
7981.jpg,"""8087 PP422]",,,,,,,,
7985.jpg,H858HA,72,RuS,,,,,,
7987.jpg,A432CMEZ;,,,,,,,,
799.jpg,V202A81124,RUS,,,,,,,
8001.jpg,T888BK/190,RUSI,,,,,,,
8019.bmp,2331 3,,,,,,,,
8023.bmp,'4774x0 ?,,,,,,,,
8026.bmp,LI651KK 35,,,,,,,,
8034.bmp,Te917e2 #,,,,,,,,
8038.jpg,X1990x.199,,,,,,,,
8044.jpg,"HSZOHt,%64",RUSE,,,,,,,
8049.jpg,x794yylee,RUSE,,,,,,,
8062.jpg,942HBG,,,,,,,,
8070.jpg,"1042IMH""",163,,,,,,,
8073.jpg,"""00884X.12",,,,,,,,
8099.jpg,T514PK,54,RUS,,,,,,
8101.jpg,'AT OBB75Y,RUS,,,,,,,
8118.jpg,K6OOBK/t97,RUS,,,,,,,
812.jpg,"J561x """,,,,,,,,
8154.jpg,MZ64XP/450,RUSL,,,,,,,
8164.jpg,'H3MBXEZ:,RUS,,,,,,,
8173.jpg,H953,HA/7?,RUS,,,,,,
8177.jpg,K047kk]9,,,,,,,,
8182.bmp,195518,,,,,,,,
8193.jpg,108xxl54;,,,,,,,,
8253.jpg,Eq1OHtL,150 ,RUSE,,,,,,
8263.jpg,[K999kK,48,,,,,,,
8291.jpg,1631MHBZ,,,,,,,,
8295.jpg,Tyl7,M987,,,,,,,
8297.jpg,P9O6AB/12Y,,,,,,,,
83.bmp,(09800x,185,,,,,,,
830.bmp,46260c 35,,,,,,,,
8301.jpg,BO58xk@,,,,,,,,
8304.jpg,X416yo64,Rs,,,,,,,
8307.jpg,AZUTMHI54,,,,,,,,
8308.bmp,I6cx Se,,,,,,,,
8310.jpg,P517ya,I,,,,,,,
8313.bmp,821AX,1B5,B,,,,,,
8319.jpg,P269ap 150,,,,,,,,
8322.bmp,1732A4,35,35,,,,,,
8323.bmp,EAzoqoRE5],,,,,,,,
8342.bmp,68981xkES,,,,,,,,
8360.jpg,E221MkgZ,,,,,,,,
8361.jpg,Thossap,,,,,,,,
8381.jpg,[e5814x22,,,,,,,,
839.bmp,KS58M,,,,,,,,
8390.jpg,777074,H,,,,,,,
8391.jpg,LceZShp,29,,,,,,,
8393.bmp,E824BK 35,,,,,,,,
84.bmp,1392,4 /,,,,,,,
8407.jpg,Y024KA,761,RUse,,,,,,
8408.jpg,*K41Oyyls],RUS,,,,,,,
8412.jpg,"""10EP 52",,,,,,,,
8452.jpg,"""Z2ko -",75,K,,,,,,
848.jpg,P926CB,96,RUS,,,,,,
8482.bmp,47901,45,,,,,,,
8485.jpg,(K126CM,163,RUSE,,,,,,
8493.jpg,K785kk36,,,,,,,,
8497.jpg,"AOO AP 197,",,,,,,,,
8505.jpg,Y9OOABI25,,,,,,,,
8509.jpg,P591PA 36,,,,,,,,
8514.jpg,H2ZLEX],B7,RUS,,,,,,
8520.bmp,I2-,,,,,,,,
854.jpg,c769HM74,,,,,,,,
8543.jpg,0343,AA 64,Rus,,,,,,
8559.jpg,c957ccEe,,,,,,,,
8568.jpg,T47GYB54,,,,,,,,
8573.bmp,T417uv/9,,,,,,,,
8582.jpg,P568ty,54,RuS,,,,,,
8589.jpg,,,,,,,,,
8590.jpg,@olbeo,,,,,,,,
8598.jpg,Y515YYL,72,RUS,,,,,,
860.bmp,AH344B],35,,,,,,,
8604.jpg,MO 1OBM177,RUS,,,,,,,
8624.bmp,L452e3,,,,,,,,
8631.jpg,,,,,,,,,
8646.bmp,1916PX35,,,,,,,,
8656.jpg,Mo1onee,,,,,,,,
866.bmp,T41HpB:],,,,,,,,
8683.bmp,"""c808xc",T35,,,,,,,
8688.jpg,"""Y561yyE64",a ',,,,,,,
8697.bmp,H777,AXlu,97,,,,,,
8698.jpg,SKM,H8,"""150",RUS,,,,,
8701.bmp,PL9BEcIQL,RUS,,,,,,,
8709.jpg,K306po6z,RUS,,,,,,,
8719.jpg,M8 5EE118,Rust,,,,,,,
8726.jpg,00ZAP 5,,,,,,,,
8737.jpg,XoosXXZA,,,,,,,,
8741.jpg,Y6OOBy/150,RUS,,,,,,,
8748.jpg,KOO Mtlog,RUS,,,,,,,
8757.bmp,47401,,,,,,,,
8771.jpg,'0904BY-19],,,,,,,,
8789.bmp,8520E0 35,,,,,,,,
8809.bmp,IaSOXR,35,,,,,,,
8824.jpg,E8QOyy/499,RUS,,,,,,,
8825.bmp,LB811K0,,,,,,,,
8829.jpg,TOOGEL52],,,,,,,,
8838.jpg,X985KMBL,,,,,,,,
8855.jpg,Pob24 %,,,,,,,,
8862.jpg,HZZOoM16,Rus,,,,,,,
8864.bmp,TEEi,6,,,,,,,
8948.jpg,{T926kkh197,,,,,,,,
8958.bmp,1844p5/,,,,,,,,
8965.jpg,HSzoTB,54-,RuS,,,,,,
8976.bmp,Eece,#0,,,,,,,
8985.bmp,76149,,,,,,,,
8986.jpg,B 5 16Kt 96,,,,,,,,
9.jpg,7868 IPIGG,Rus,,,,,,,
9008.jpg,A599xyilze,,,,,,,,
9019.jpg,FKOZOEcO,,,,,,,,
902.jpg,"""0614HMDE",,,,,,,,
9021.bmp,0241,,,,,,,,
9040.bmp,"B439cK 35 ,",,,,,,,,
9043.bmp,[B 7698493,,,,,,,,
9044.jpg,A9],054,,,,,,,
9050.jpg,E277HHj32,,,,,,,,
9057.bmp,,,,,,,,,
907.jpg,47T7kt ,1150,,,,,,,
9074.bmp,(B972MB 35,,,,,,,,
9083.jpg,95272,AC,,,,,,,
9084.jpg,PEZBMcZ,,,,,,,,
909.jpg,B20084 178,,,,,,,,
9092.jpg,n7soT,26,USe,,,,,,
9100.bmp,N3S]u0 85,,,,,,,,
9102.bmp,509HH,,,,,,,,
9111.jpg,X841HH 54,,,,,,,,
9122.jpg,BO6KKL,n197,Ponbor,RusT,Cebep,,,,
9123.jpg,HZGIxX,456,,,,,,,
9151.jpg,MIIMB],35.,B,RUS,,,,,
9174.bmp,T B8923,,,,,,,,
9205.jpg,P88OEO6Z,,,,,,,,
9224.jpg,469 BT,ck,48,RuSe,,,,,
9226.bmp,Ke 454cc 35,,,,,,,,
9227.jpg,OOG1AA,61,IRUS,,,,,,
9230.jpg,Bue,,,,,,,,
9239.bmp,"[8362""4",,,,,,,,
925.bmp,@oHVJ,,,,,,,,
9252.bmp,a7,,,,,,,,
926.jpg,066 Kh 52;,,,,,,,,
9275.jpg,CBOdPcse,,,,,,,,
9297.jpg,383YC55,"""K",,,,,,,
9302.bmp,c601yX35],,,,,,,,
9315.bmp,0526cc],"35,",,,,,,,
9320.jpg,M827YP 1161,,,,,,,,
9330.jpg,FK763xc2Z,,,,,,,,
935.jpg,'M5O5ME64,,,,,,,,
9350.jpg,'E99OBI,174,RUSE,,,,,,
9360.jpg,IMTOBMM,58,RUS,,,,,,
9364.jpg,MLSZHM,n9,RUS,,,,,,
9371.jpg,MT11YB86,,,,,,,,
9390.bmp,(Po0zcc 35,,,,,,,,
9395.jpg,EO51kpIZ,RUSE,,,,,,,
9400.jpg,M48LPo 96,,,,,,,,
9413.jpg,0228KC62,,,,,,,,
9417.bmp,Tizoe,,,,,,,,
9430.jpg,Fx331AC6],,,,,,,,
9433.jpg,y595xk54,,,,,,,,
9453.jpg,H5GZHH,69.,RlS,,,,,,
9458.jpg,FT 437,yE 861,,,,,,,
9469.jpg,P 43OIK,,,,,,,,
9475.jpg,y 9occl,112,JTid,,,,,,
949.jpg,M3ZOETk46,RuS,,,,,,,
9491.bmp,18975AY,85,,,,,,,
9501.bmp,"""8659TT 351",,,,,,,,
951.jpg,7 064PAT,64,IRUS,,,,,,
9529.jpg,HOG9XBIS,,,,,,,,
9531.bmp,M190tcos],8,,,,,,,
9533.jpg,M4LIck9z,RUJ,,,,,,,
9534.jpg,ExO07eo,[125.,15,RUSE,,,,,
9536.jpg,A1uX,T,,,,,,,
955.bmp,B1181425,,,,,,,,
9573.jpg,MT1GPH 25,,,,,,,,
9574.bmp,M84IABB5,,,,,,,,
9575.jpg,'E500BE 152,,,,,,,,
9586.jpg,[H8ezOPL,62,Wetaancakc,oarecon,RUST,ISEAn,locee,,
959.jpg,K922Ho 84,,,,,,,,
9603.jpg,H294AX/99,,,,,,,,
9618.jpg,AOOZeki7e],,,,,,,,
9623.jpg,XQZxx 74,,,,,,,,
964.bmp,DSIZ,,,,,,,,
9641.jpg,BT1Qop[152,,,,,,,,
9645.jpg,'0557MP58,,,,,,,,
9660.bmp,24?10E35,,,,,,,,
9668.bmp,132EXL,177,C,RUS,,,,,
9675.bmp,l3oux,,,,,,,,
9676.jpg,TTIIBY,RUSE,,,,,,,
9678.jpg,X390hh 76,,,,,,,,
9699.jpg,0005PBI,124,,,,,,,
9700.bmp,S7t,8,,,,,,,
9706.jpg,560EA86,T,Rus,,,,,,
9724.jpg,KOO2KAI,,,,,,,,
9779.jpg,M888XE},98,,,,,,,
9784.jpg,Ap61,K03 e,,,,,,,
9786.bmp,AM35,1267,,,,,,,
9799.bmp,[242KM35,,,,,,,,
9800.jpg,cO36xcL,7199,RUSE,,,,,,
9814.jpg,M216AX,32,RuS,,,,,,
982.jpg,,,,,,,,,
9823.jpg,403MP9Z,A,,,,,,,
9833.bmp,'B255kx8,,,,,,,,
9834.jpg,oOobyy %,,,,,,,,
9837.jpg,A537 ABO4:,,,,,,,,
984.bmp,1480TER5,RLS,,,,,,,
9841.jpg,EKS9OBAZe,RUST,,,,,,,
9843.jpg,30508,15,,,,,,,
9846.jpg,"""1060xo 47",,,,,,,,
9848.jpg,K609ho62,,,,,,,,
9849.bmp,3A36304,35,RUS,,,,,,
9850.jpg,X615MK5Y,RUS,,,,,,,
9856.jpg,Y 4S6mp/],RuS,,,,,,,
9861.bmp,LGat35,,,,,,,,
9871.jpg,0755th 79,,,,,,,,
9877.jpg,'8399 PE R13,RUsE,,,,,,,
9878.jpg,X37cXl,54.,RUS,,,,,,
9897.bmp,1566,Ic35,,,,,,,
990.jpg,E951KXIZ,,,,,,,,
9903.bmp,2331 3,,,,,,,,
9909.jpg,[pgOdev,1797,,,,,,,
9927.jpg,(M396cc,z,,,,,,,
9928.bmp,876243,,,,,,,,
9929.bmp,420EcEZ,C,,,,,,,
9944.jpg,K88900,,,,,,,,
9957.jpg,,,,,,,,,
9960.jpg,X363Ec25,,,,,,,,
9975.jpg,P 17681196,Rs,,,,,,,
9977.jpg,R9538M474,6 3,,,,,,,
9978.jpg,918kc54,B,,,,,,,
9993.jpg,bx703YE,549,RUSE,,,,,,
